batch_id,duration_minutes,duration_sec,trial_index,run_id,utc_iso,success,error_message,node_truncate_sec,node_upload_sec,node_segment_execute_sec,node_split_execute_http_observed_sec,segment_shot_count,split_segments_used_count,split_output_count,segment_pid,split_pid,bucket,gcs_uri,segment_result_location,detail_json_path
20260415_135645Z,2.0,120.0,1,20260415_135645_48089d47,2026-04-15T13:56:52.198693+00:00,True,,0.108837,0.899734,4.929457,0.945875,1,1,1,seg_google_us,split_google_us,video_us,gs://video_us/segment_split_sweep/20260415_135645Z/d120s_t1/20260415_135645_48089d47/sb_measure_20260415_135645_48089d47_merged_trunc_120s.mp4,gs://video_us/results/segment/sb_measure_20260415_135645_48089d47_merged_trunc_120s/segment.json,/home/heng/segment_split_measurement/results/sweep_20260415_135645Z_json/20260415_135645_48089d47.json
20260415_135645Z,2.0,120.0,2,20260415_135652_1c66965b,2026-04-15T13:57:15.371355+00:00,True,,0.106964,0.839175,21.308807,0.915685,1,1,1,seg_google_us,split_google_us,video_us,gs://video_us/segment_split_sweep/20260415_135645Z/d120s_t2/20260415_135652_1c66965b/sb_measure_20260415_135652_1c66965b_merged_trunc_120s.mp4,gs://video_us/results/segment/sb_measure_20260415_135652_1c66965b_merged_trunc_120s/segment.json,/home/heng/segment_split_measurement/results/sweep_20260415_135645Z_json/20260415_135652_1c66965b.json
20260415_135645Z,2.0,120.0,3,20260415_135715_78a90b53,2026-04-15T13:57:25.945208+00:00,True,,0.110394,0.845661,8.761771,0.85392,1,1,1,seg_google_us,split_google_us,video_us,gs://video_us/segment_split_sweep/20260415_135645Z/d120s_t3/20260415_135715_78a90b53/sb_measure_20260415_135715_78a90b53_merged_trunc_120s.mp4,gs://video_us/results/segment/sb_measure_20260415_135715_78a90b53_merged_trunc_120s/segment.json,/home/heng/segment_split_measurement/results/sweep_20260415_135645Z_json/20260415_135715_78a90b53.json
20260415_135645Z,2.0,120.0,4,20260415_135725_5d3879ac,2026-04-15T13:57:49.502516+00:00,True,,0.10638,0.865097,21.670922,0.912844,1,1,1,seg_google_us,split_google_us,video_us,gs://video_us/segment_split_sweep/20260415_135645Z/d120s_t4/20260415_135725_5d3879ac/sb_measure_20260415_135725_5d3879ac_merged_trunc_120s.mp4,gs://video_us/results/segment/sb_measure_20260415_135725_5d3879ac_merged_trunc_120s/segment.json,/home/heng/segment_split_measurement/results/sweep_20260415_135645Z_json/20260415_135725_5d3879ac.json
20260415_135645Z,2.0,120.0,5,20260415_135749_482dc897,2026-04-15T13:58:23.924983+00:00,True,,0.108074,0.857574,32.337645,1.117055,1,1,1,seg_google_us,split_google_us,video_us,gs://video_us/segment_split_sweep/20260415_135645Z/d120s_t5/20260415_135749_482dc897/sb_measure_20260415_135749_482dc897_merged_trunc_120s.mp4,gs://video_us/results/segment/sb_measure_20260415_135749_482dc897_merged_trunc_120s/segment.json,/home/heng/segment_split_measurement/results/sweep_20260415_135645Z_json/20260415_135749_482dc897.json
20260415_135645Z,2.0,120.0,6,20260415_135823_35e86521,2026-04-15T13:58:33.818957+00:00,True,,0.109149,1.082474,7.831172,0.868836,1,1,1,seg_google_us,split_google_us,video_us,gs://video_us/segment_split_sweep/20260415_135645Z/d120s_t6/20260415_135823_35e86521/sb_measure_20260415_135823_35e86521_merged_trunc_120s.mp4,gs://video_us/results/segment/sb_measure_20260415_135823_35e86521_merged_trunc_120s/segment.json,/home/heng/segment_split_measurement/results/sweep_20260415_135645Z_json/20260415_135823_35e86521.json
20260415_135645Z,2.0,120.0,7,20260415_135833_fdcd6554,2026-04-15T13:58:50.391093+00:00,True,,0.107477,0.842865,14.691827,0.927827,1,1,1,seg_google_us,split_google_us,video_us,gs://video_us/segment_split_sweep/20260415_135645Z/d120s_t7/20260415_135833_fdcd6554/sb_measure_20260415_135833_fdcd6554_merged_trunc_120s.mp4,gs://video_us/results/segment/sb_measure_20260415_135833_fdcd6554_merged_trunc_120s/segment.json,/home/heng/segment_split_measurement/results/sweep_20260415_135645Z_json/20260415_135833_fdcd6554.json
20260415_135645Z,2.0,120.0,8,20260415_135850_0ecfdd83,2026-04-15T13:59:18.148259+00:00,True,,0.109031,0.849782,25.971294,0.824642,1,1,1,seg_google_us,split_google_us,video_us,gs://video_us/segment_split_sweep/20260415_135645Z/d120s_t8/20260415_135850_0ecfdd83/sb_measure_20260415_135850_0ecfdd83_merged_trunc_120s.mp4,gs://video_us/results/segment/sb_measure_20260415_135850_0ecfdd83_merged_trunc_120s/segment.json,/home/heng/segment_split_measurement/results/sweep_20260415_135645Z_json/20260415_135850_0ecfdd83.json
20260415_135645Z,2.0,120.0,9,20260415_135918_b81f8dd7,2026-04-15T13:59:27.832698+00:00,True,,0.109577,0.845622,7.872668,0.854371,1,1,1,seg_google_us,split_google_us,video_us,gs://video_us/segment_split_sweep/20260415_135645Z/d120s_t9/20260415_135918_b81f8dd7/sb_measure_20260415_135918_b81f8dd7_merged_trunc_120s.mp4,gs://video_us/results/segment/sb_measure_20260415_135918_b81f8dd7_merged_trunc_120s/segment.json,/home/heng/segment_split_measurement/results/sweep_20260415_135645Z_json/20260415_135918_b81f8dd7.json
20260415_135645Z,2.0,120.0,10,20260415_135927_da3695de,2026-04-15T13:59:37.941257+00:00,True,,0.106997,0.827079,8.241422,0.930516,1,1,1,seg_google_us,split_google_us,video_us,gs://video_us/segment_split_sweep/20260415_135645Z/d120s_t10/20260415_135927_da3695de/sb_measure_20260415_135927_da3695de_merged_trunc_120s.mp4,gs://video_us/results/segment/sb_measure_20260415_135927_da3695de_merged_trunc_120s/segment.json,/home/heng/segment_split_measurement/results/sweep_20260415_135645Z_json/20260415_135927_da3695de.json
20260415_135645Z,4.0,240.0,1,20260415_135937_cc077409,2026-04-15T13:59:56.701657+00:00,True,,0.131865,0.939227,16.181724,1.503423,2,2,2,seg_google_us,split_google_us,video_us,gs://video_us/segment_split_sweep/20260415_135645Z/d240s_t1/20260415_135937_cc077409/sb_measure_20260415_135937_cc077409_merged_trunc_240s.mp4,gs://video_us/results/segment/sb_measure_20260415_135937_cc077409_merged_trunc_240s/segment.json,/home/heng/segment_split_measurement/results/sweep_20260415_135645Z_json/20260415_135937_cc077409.json
20260415_135645Z,4.0,240.0,2,20260415_135956_4e68325a,2026-04-15T14:00:11.101849+00:00,True,,0.132428,0.957961,11.857467,1.448876,2,2,2,seg_google_us,split_google_us,video_us,gs://video_us/segment_split_sweep/20260415_135645Z/d240s_t2/20260415_135956_4e68325a/sb_measure_20260415_135956_4e68325a_merged_trunc_240s.mp4,gs://video_us/results/segment/sb_measure_20260415_135956_4e68325a_merged_trunc_240s/segment.json,/home/heng/segment_split_measurement/results/sweep_20260415_135645Z_json/20260415_135956_4e68325a.json
20260415_135645Z,4.0,240.0,3,20260415_140011_53264934,2026-04-15T14:00:36.424364+00:00,True,,0.126653,0.948293,22.781059,1.462635,2,2,2,seg_google_us,split_google_us,video_us,gs://video_us/segment_split_sweep/20260415_135645Z/d240s_t3/20260415_140011_53264934/sb_measure_20260415_140011_53264934_merged_trunc_240s.mp4,gs://video_us/results/segment/sb_measure_20260415_140011_53264934_merged_trunc_240s/segment.json,/home/heng/segment_split_measurement/results/sweep_20260415_135645Z_json/20260415_140011_53264934.json
20260415_135645Z,4.0,240.0,4,20260415_140036_a496c700,2026-04-15T14:01:09.642901+00:00,True,,0.12822,0.936828,30.535645,1.614899,2,2,2,seg_google_us,split_google_us,video_us,gs://video_us/segment_split_sweep/20260415_135645Z/d240s_t4/20260415_140036_a496c700/sb_measure_20260415_140036_a496c700_merged_trunc_240s.mp4,gs://video_us/results/segment/sb_measure_20260415_140036_a496c700_merged_trunc_240s/segment.json,/home/heng/segment_split_measurement/results/sweep_20260415_135645Z_json/20260415_140036_a496c700.json
20260415_135645Z,4.0,240.0,5,20260415_140109_3782549f,2026-04-15T14:01:33.093622+00:00,True,,0.127828,1.321914,20.535631,1.461528,2,2,2,seg_google_us,split_google_us,video_us,gs://video_us/segment_split_sweep/20260415_135645Z/d240s_t5/20260415_140109_3782549f/sb_measure_20260415_140109_3782549f_merged_trunc_240s.mp4,gs://video_us/results/segment/sb_measure_20260415_140109_3782549f_merged_trunc_240s/segment.json,/home/heng/segment_split_measurement/results/sweep_20260415_135645Z_json/20260415_140109_3782549f.json
20260415_135645Z,4.0,240.0,6,20260415_140133_47cd4f65,2026-04-15T14:02:02.803136+00:00,True,,0.128686,0.93469,17.94666,10.696242,2,2,2,seg_google_us,split_google_us,video_us,gs://video_us/segment_split_sweep/20260415_135645Z/d240s_t6/20260415_140133_47cd4f65/sb_measure_20260415_140133_47cd4f65_merged_trunc_240s.mp4,gs://video_us/results/segment/sb_measure_20260415_140133_47cd4f65_merged_trunc_240s/segment.json,/home/heng/segment_split_measurement/results/sweep_20260415_135645Z_json/20260415_140133_47cd4f65.json
20260415_135645Z,4.0,240.0,7,20260415_140202_6c4c13e5,2026-04-15T14:02:14.806020+00:00,True,,0.128138,0.938777,9.181518,1.750996,2,2,2,seg_google_us,split_google_us,video_us,gs://video_us/segment_split_sweep/20260415_135645Z/d240s_t7/20260415_140202_6c4c13e5/sb_measure_20260415_140202_6c4c13e5_merged_trunc_240s.mp4,gs://video_us/results/segment/sb_measure_20260415_140202_6c4c13e5_merged_trunc_240s/segment.json,/home/heng/segment_split_measurement/results/sweep_20260415_135645Z_json/20260415_140202_6c4c13e5.json
20260415_135645Z,4.0,240.0,8,20260415_140214_7ec8fe79,2026-04-15T14:02:44.933263+00:00,True,,0.125433,0.945145,27.46194,1.59122,2,2,2,seg_google_us,split_google_us,video_us,gs://video_us/segment_split_sweep/20260415_135645Z/d240s_t8/20260415_140214_7ec8fe79/sb_measure_20260415_140214_7ec8fe79_merged_trunc_240s.mp4,gs://video_us/results/segment/sb_measure_20260415_140214_7ec8fe79_merged_trunc_240s/segment.json,/home/heng/segment_split_measurement/results/sweep_20260415_135645Z_json/20260415_140214_7ec8fe79.json
20260415_135645Z,4.0,240.0,9,20260415_140244_d25cde5b,2026-04-15T14:02:57.574939+00:00,True,,0.127413,0.976925,10.050469,1.483366,2,2,2,seg_google_us,split_google_us,video_us,gs://video_us/segment_split_sweep/20260415_135645Z/d240s_t9/20260415_140244_d25cde5b/sb_measure_20260415_140244_d25cde5b_merged_trunc_240s.mp4,gs://video_us/results/segment/sb_measure_20260415_140244_d25cde5b_merged_trunc_240s/segment.json,/home/heng/segment_split_measurement/results/sweep_20260415_135645Z_json/20260415_140244_d25cde5b.json
20260415_135645Z,4.0,240.0,10,20260415_140257_1efa6d6a,2026-04-15T14:03:24.891649+00:00,True,,0.126223,0.945314,24.687737,1.553911,2,2,2,seg_google_us,split_google_us,video_us,gs://video_us/segment_split_sweep/20260415_135645Z/d240s_t10/20260415_140257_1efa6d6a/sb_measure_20260415_140257_1efa6d6a_merged_trunc_240s.mp4,gs://video_us/results/segment/sb_measure_20260415_140257_1efa6d6a_merged_trunc_240s/segment.json,/home/heng/segment_split_measurement/results/sweep_20260415_135645Z_json/20260415_140257_1efa6d6a.json
20260415_135645Z,6.0,360.0,1,20260415_140324_8e5a8553,2026-04-15T14:03:39.368322+00:00,True,,0.148323,1.133341,10.831524,2.358022,3,3,3,seg_google_us,split_google_us,video_us,gs://video_us/segment_split_sweep/20260415_135645Z/d360s_t1/20260415_140324_8e5a8553/sb_measure_20260415_140324_8e5a8553_merged_trunc_360s.mp4,gs://video_us/results/segment/sb_measure_20260415_140324_8e5a8553_merged_trunc_360s/segment.json,/home/heng/segment_split_measurement/results/sweep_20260415_135645Z_json/20260415_140324_8e5a8553.json
20260415_135645Z,6.0,360.0,2,20260415_140339_de107654,2026-04-15T14:04:01.487956+00:00,True,,0.154757,1.146373,18.271465,2.541625,3,3,3,seg_google_us,split_google_us,video_us,gs://video_us/segment_split_sweep/20260415_135645Z/d360s_t2/20260415_140339_de107654/sb_measure_20260415_140339_de107654_merged_trunc_360s.mp4,gs://video_us/results/segment/sb_measure_20260415_140339_de107654_merged_trunc_360s/segment.json,/home/heng/segment_split_measurement/results/sweep_20260415_135645Z_json/20260415_140339_de107654.json
20260415_135645Z,6.0,360.0,3,20260415_140401_7d474d2f,2026-04-15T14:04:25.043124+00:00,True,,0.148789,1.181961,20.125255,2.094062,3,3,3,seg_google_us,split_google_us,video_us,gs://video_us/segment_split_sweep/20260415_135645Z/d360s_t3/20260415_140401_7d474d2f/sb_measure_20260415_140401_7d474d2f_merged_trunc_360s.mp4,gs://video_us/results/segment/sb_measure_20260415_140401_7d474d2f_merged_trunc_360s/segment.json,/home/heng/segment_split_measurement/results/sweep_20260415_135645Z_json/20260415_140401_7d474d2f.json
20260415_135645Z,6.0,360.0,4,20260415_140425_5fa2b205,2026-04-15T14:05:08.361404+00:00,True,,0.149278,1.041038,40.059263,2.064018,3,3,3,seg_google_us,split_google_us,video_us,gs://video_us/segment_split_sweep/20260415_135645Z/d360s_t4/20260415_140425_5fa2b205/sb_measure_20260415_140425_5fa2b205_merged_trunc_360s.mp4,gs://video_us/results/segment/sb_measure_20260415_140425_5fa2b205_merged_trunc_360s/segment.json,/home/heng/segment_split_measurement/results/sweep_20260415_135645Z_json/20260415_140425_5fa2b205.json
20260415_135645Z,6.0,360.0,5,20260415_140508_17845721,2026-04-15T14:05:23.905335+00:00,True,,0.146332,1.016709,12.254569,2.121114,3,3,3,seg_google_us,split_google_us,video_us,gs://video_us/segment_split_sweep/20260415_135645Z/d360s_t5/20260415_140508_17845721/sb_measure_20260415_140508_17845721_merged_trunc_360s.mp4,gs://video_us/results/segment/sb_measure_20260415_140508_17845721_merged_trunc_360s/segment.json,/home/heng/segment_split_measurement/results/sweep_20260415_135645Z_json/20260415_140508_17845721.json
20260415_135645Z,6.0,360.0,6,20260415_140523_38ffc324,2026-04-15T14:06:02.054398+00:00,True,,0.148929,1.039065,25.40465,11.55158,3,3,3,seg_google_us,split_google_us,video_us,gs://video_us/segment_split_sweep/20260415_135645Z/d360s_t6/20260415_140523_38ffc324/sb_measure_20260415_140523_38ffc324_merged_trunc_360s.mp4,gs://video_us/results/segment/sb_measure_20260415_140523_38ffc324_merged_trunc_360s/segment.json,/home/heng/segment_split_measurement/results/sweep_20260415_135645Z_json/20260415_140523_38ffc324.json
20260415_135645Z,6.0,360.0,7,20260415_140602_2feaf7c2,2026-04-15T14:06:15.122023+00:00,True,,0.150541,1.104139,8.606394,3.201252,3,3,3,seg_google_us,split_google_us,video_us,gs://video_us/segment_split_sweep/20260415_135645Z/d360s_t7/20260415_140602_2feaf7c2/sb_measure_20260415_140602_2feaf7c2_merged_trunc_360s.mp4,gs://video_us/results/segment/sb_measure_20260415_140602_2feaf7c2_merged_trunc_360s/segment.json,/home/heng/segment_split_measurement/results/sweep_20260415_135645Z_json/20260415_140602_2feaf7c2.json
20260415_135645Z,6.0,360.0,8,20260415_140615_d548b6a0,2026-04-15T14:06:23.794068+00:00,True,,0.148557,1.080512,5.241415,2.19626,3,3,3,seg_google_us,split_google_us,video_us,gs://video_us/segment_split_sweep/20260415_135645Z/d360s_t8/20260415_140615_d548b6a0/sb_measure_20260415_140615_d548b6a0_merged_trunc_360s.mp4,gs://video_us/results/segment/sb_measure_20260415_140615_d548b6a0_merged_trunc_360s/segment.json,/home/heng/segment_split_measurement/results/sweep_20260415_135645Z_json/20260415_140615_d548b6a0.json
20260415_135645Z,6.0,360.0,9,20260415_140623_5de8ce25,2026-04-15T14:06:58.205313+00:00,True,,0.147045,1.035724,30.958058,2.264846,3,3,3,seg_google_us,split_google_us,video_us,gs://video_us/segment_split_sweep/20260415_135645Z/d360s_t9/20260415_140623_5de8ce25/sb_measure_20260415_140623_5de8ce25_merged_trunc_360s.mp4,gs://video_us/results/segment/sb_measure_20260415_140623_5de8ce25_merged_trunc_360s/segment.json,/home/heng/segment_split_measurement/results/sweep_20260415_135645Z_json/20260415_140623_5de8ce25.json
20260415_135645Z,6.0,360.0,10,20260415_140658_4a504f39,2026-04-15T14:07:21.003100+00:00,True,,0.147645,1.151474,19.202983,2.290183,3,3,3,seg_google_us,split_google_us,video_us,gs://video_us/segment_split_sweep/20260415_135645Z/d360s_t10/20260415_140658_4a504f39/sb_measure_20260415_140658_4a504f39_merged_trunc_360s.mp4,gs://video_us/results/segment/sb_measure_20260415_140658_4a504f39_merged_trunc_360s/segment.json,/home/heng/segment_split_measurement/results/sweep_20260415_135645Z_json/20260415_140658_4a504f39.json
20260415_135645Z,8.0,480.0,1,20260415_140721_96fdffe4,2026-04-15T14:07:52.474891+00:00,True,,0.197732,1.334328,15.650929,14.278393,3,3,3,seg_google_us,split_google_us,video_us,gs://video_us/segment_split_sweep/20260415_135645Z/d480s_t1/20260415_140721_96fdffe4/sb_measure_20260415_140721_96fdffe4_merged_trunc_480s.mp4,gs://video_us/results/segment/sb_measure_20260415_140721_96fdffe4_merged_trunc_480s/segment.json,/home/heng/segment_split_measurement/results/sweep_20260415_135645Z_json/20260415_140721_96fdffe4.json
20260415_135645Z,8.0,480.0,2,20260415_140752_eaa84c60,2026-04-15T14:08:36.832964+00:00,True,,0.1959,1.561048,28.50335,14.088341,3,3,3,seg_google_us,split_google_us,video_us,gs://video_us/segment_split_sweep/20260415_135645Z/d480s_t2/20260415_140752_eaa84c60/sb_measure_20260415_140752_eaa84c60_merged_trunc_480s.mp4,gs://video_us/results/segment/sb_measure_20260415_140752_eaa84c60_merged_trunc_480s/segment.json,/home/heng/segment_split_measurement/results/sweep_20260415_135645Z_json/20260415_140752_eaa84c60.json
20260415_135645Z,8.0,480.0,3,20260415_140836_12d05915,2026-04-15T14:09:24.480642+00:00,True,,0.195178,1.477224,41.480924,4.484697,3,3,3,seg_google_us,split_google_us,video_us,gs://video_us/segment_split_sweep/20260415_135645Z/d480s_t3/20260415_140836_12d05915/sb_measure_20260415_140836_12d05915_merged_trunc_480s.mp4,gs://video_us/results/segment/sb_measure_20260415_140836_12d05915_merged_trunc_480s/segment.json,/home/heng/segment_split_measurement/results/sweep_20260415_135645Z_json/20260415_140836_12d05915.json
20260415_135645Z,8.0,480.0,4,20260415_140924_abee9d95,2026-04-15T14:10:04.861825+00:00,True,,0.193249,1.475967,33.923401,4.779015,3,3,3,seg_google_us,split_google_us,video_us,gs://video_us/segment_split_sweep/20260415_135645Z/d480s_t4/20260415_140924_abee9d95/sb_measure_20260415_140924_abee9d95_merged_trunc_480s.mp4,gs://video_us/results/segment/sb_measure_20260415_140924_abee9d95_merged_trunc_480s/segment.json,/home/heng/segment_split_measurement/results/sweep_20260415_135645Z_json/20260415_140924_abee9d95.json
20260415_135645Z,8.0,480.0,5,20260415_141004_119fea51,2026-04-15T14:10:26.737007+00:00,True,,0.195854,1.448491,15.463813,4.755974,3,3,3,seg_google_us,split_google_us,video_us,gs://video_us/segment_split_sweep/20260415_135645Z/d480s_t5/20260415_141004_119fea51/sb_measure_20260415_141004_119fea51_merged_trunc_480s.mp4,gs://video_us/results/segment/sb_measure_20260415_141004_119fea51_merged_trunc_480s/segment.json,/home/heng/segment_split_measurement/results/sweep_20260415_135645Z_json/20260415_141004_119fea51.json
20260415_135645Z,8.0,480.0,6,20260415_141026_a0f180c0,2026-04-15T14:10:50.398320+00:00,True,,0.194821,1.525398,18.031184,3.899255,3,3,3,seg_google_us,split_google_us,video_us,gs://video_us/segment_split_sweep/20260415_135645Z/d480s_t6/20260415_141026_a0f180c0/sb_measure_20260415_141026_a0f180c0_merged_trunc_480s.mp4,gs://video_us/results/segment/sb_measure_20260415_141026_a0f180c0_merged_trunc_480s/segment.json,/home/heng/segment_split_measurement/results/sweep_20260415_135645Z_json/20260415_141026_a0f180c0.json
20260415_135645Z,8.0,480.0,7,20260415_141050_56a66d8a,2026-04-15T14:11:17.228963+00:00,True,,0.19098,1.522742,21.023432,4.082358,3,3,3,seg_google_us,split_google_us,video_us,gs://video_us/segment_split_sweep/20260415_135645Z/d480s_t7/20260415_141050_56a66d8a/sb_measure_20260415_141050_56a66d8a_merged_trunc_480s.mp4,gs://video_us/results/segment/sb_measure_20260415_141050_56a66d8a_merged_trunc_480s/segment.json,/home/heng/segment_split_measurement/results/sweep_20260415_135645Z_json/20260415_141050_56a66d8a.json
20260415_135645Z,8.0,480.0,8,20260415_141117_9df0a3ae,2026-04-15T14:11:39.592124+00:00,True,,0.193695,1.451762,16.370665,4.335998,3,3,3,seg_google_us,split_google_us,video_us,gs://video_us/segment_split_sweep/20260415_135645Z/d480s_t8/20260415_141117_9df0a3ae/sb_measure_20260415_141117_9df0a3ae_merged_trunc_480s.mp4,gs://video_us/results/segment/sb_measure_20260415_141117_9df0a3ae_merged_trunc_480s/segment.json,/home/heng/segment_split_measurement/results/sweep_20260415_135645Z_json/20260415_141117_9df0a3ae.json
20260415_135645Z,8.0,480.0,9,20260415_141139_ac7af09c,2026-04-15T14:12:11.366398+00:00,True,,0.195718,1.412688,25.299382,4.855845,3,3,3,seg_google_us,split_google_us,video_us,gs://video_us/segment_split_sweep/20260415_135645Z/d480s_t9/20260415_141139_ac7af09c/sb_measure_20260415_141139_ac7af09c_merged_trunc_480s.mp4,gs://video_us/results/segment/sb_measure_20260415_141139_ac7af09c_merged_trunc_480s/segment.json,/home/heng/segment_split_measurement/results/sweep_20260415_135645Z_json/20260415_141139_ac7af09c.json
20260415_135645Z,8.0,480.0,10,20260415_141211_b86773dc,2026-04-15T14:12:43.916062+00:00,True,,0.193246,1.552792,26.663051,4.130956,3,3,3,seg_google_us,split_google_us,video_us,gs://video_us/segment_split_sweep/20260415_135645Z/d480s_t10/20260415_141211_b86773dc/sb_measure_20260415_141211_b86773dc_merged_trunc_480s.mp4,gs://video_us/results/segment/sb_measure_20260415_141211_b86773dc_merged_trunc_480s/segment.json,/home/heng/segment_split_measurement/results/sweep_20260415_135645Z_json/20260415_141211_b86773dc.json
20260415_135645Z,10.0,600.0,1,20260415_141243_d024d603,2026-04-15T14:13:15.221719+00:00,True,,0.224108,1.982151,24.044194,5.041096,4,4,4,seg_google_us,split_google_us,video_us,gs://video_us/segment_split_sweep/20260415_135645Z/d600s_t1/20260415_141243_d024d603/sb_measure_20260415_141243_d024d603_merged_trunc_600s.mp4,gs://video_us/results/segment/sb_measure_20260415_141243_d024d603_merged_trunc_600s/segment.json,/home/heng/segment_split_measurement/results/sweep_20260415_135645Z_json/20260415_141243_d024d603.json
20260415_135645Z,10.0,600.0,2,20260415_141315_2da8b766,2026-04-15T14:13:47.220155+00:00,True,,0.224584,1.960966,24.836987,4.962243,4,4,4,seg_google_us,split_google_us,video_us,gs://video_us/segment_split_sweep/20260415_135645Z/d600s_t2/20260415_141315_2da8b766/sb_measure_20260415_141315_2da8b766_merged_trunc_600s.mp4,gs://video_us/results/segment/sb_measure_20260415_141315_2da8b766_merged_trunc_600s/segment.json,/home/heng/segment_split_measurement/results/sweep_20260415_135645Z_json/20260415_141315_2da8b766.json
20260415_135645Z,10.0,600.0,3,20260415_141347_bdd010fd,2026-04-15T14:14:11.033550+00:00,True,,0.222961,1.647598,16.646654,5.283991,4,4,4,seg_google_us,split_google_us,video_us,gs://video_us/segment_split_sweep/20260415_135645Z/d600s_t3/20260415_141347_bdd010fd/sb_measure_20260415_141347_bdd010fd_merged_trunc_600s.mp4,gs://video_us/results/segment/sb_measure_20260415_141347_bdd010fd_merged_trunc_600s/segment.json,/home/heng/segment_split_measurement/results/sweep_20260415_135645Z_json/20260415_141347_bdd010fd.json
20260415_135645Z,10.0,600.0,4,20260415_141411_b19f1b35,2026-04-15T14:14:45.913818+00:00,True,,0.225405,1.603913,27.849667,5.188762,4,4,4,seg_google_us,split_google_us,video_us,gs://video_us/segment_split_sweep/20260415_135645Z/d600s_t4/20260415_141411_b19f1b35/sb_measure_20260415_141411_b19f1b35_merged_trunc_600s.mp4,gs://video_us/results/segment/sb_measure_20260415_141411_b19f1b35_merged_trunc_600s/segment.json,/home/heng/segment_split_measurement/results/sweep_20260415_135645Z_json/20260415_141411_b19f1b35.json
20260415_135645Z,10.0,600.0,5,20260415_141445_a46079e2,2026-04-15T14:15:31.805244+00:00,True,,0.222385,1.845982,38.405761,5.405168,4,4,4,seg_google_us,split_google_us,video_us,gs://video_us/segment_split_sweep/20260415_135645Z/d600s_t5/20260415_141445_a46079e2/sb_measure_20260415_141445_a46079e2_merged_trunc_600s.mp4,gs://video_us/results/segment/sb_measure_20260415_141445_a46079e2_merged_trunc_600s/segment.json,/home/heng/segment_split_measurement/results/sweep_20260415_135645Z_json/20260415_141445_a46079e2.json
20260415_135645Z,10.0,600.0,6,20260415_141531_2263f882,2026-04-15T14:16:09.847542+00:00,True,,0.223375,1.572602,30.334246,5.899977,4,4,4,seg_google_us,split_google_us,video_us,gs://video_us/segment_split_sweep/20260415_135645Z/d600s_t6/20260415_141531_2263f882/sb_measure_20260415_141531_2263f882_merged_trunc_600s.mp4,gs://video_us/results/segment/sb_measure_20260415_141531_2263f882_merged_trunc_600s/segment.json,/home/heng/segment_split_measurement/results/sweep_20260415_135645Z_json/20260415_141531_2263f882.json
20260415_135645Z,10.0,600.0,7,20260415_141609_45228078,2026-04-15T14:16:46.347758+00:00,True,,0.224949,1.646923,29.022438,5.5937,4,4,4,seg_google_us,split_google_us,video_us,gs://video_us/segment_split_sweep/20260415_135645Z/d600s_t7/20260415_141609_45228078/sb_measure_20260415_141609_45228078_merged_trunc_600s.mp4,gs://video_us/results/segment/sb_measure_20260415_141609_45228078_merged_trunc_600s/segment.json,/home/heng/segment_split_measurement/results/sweep_20260415_135645Z_json/20260415_141609_45228078.json
20260415_135645Z,10.0,600.0,8,20260415_141646_8ca556a6,2026-04-15T14:17:19.334539+00:00,True,,0.222942,2.452737,24.644483,5.65452,4,4,4,seg_google_us,split_google_us,video_us,gs://video_us/segment_split_sweep/20260415_135645Z/d600s_t8/20260415_141646_8ca556a6/sb_measure_20260415_141646_8ca556a6_merged_trunc_600s.mp4,gs://video_us/results/segment/sb_measure_20260415_141646_8ca556a6_merged_trunc_600s/segment.json,/home/heng/segment_split_measurement/results/sweep_20260415_135645Z_json/20260415_141646_8ca556a6.json
20260415_135645Z,10.0,600.0,9,20260415_141719_253b232b,2026-04-15T14:17:46.942850+00:00,True,,0.225813,1.692896,20.09624,5.579325,4,4,4,seg_google_us,split_google_us,video_us,gs://video_us/segment_split_sweep/20260415_135645Z/d600s_t9/20260415_141719_253b232b/sb_measure_20260415_141719_253b232b_merged_trunc_600s.mp4,gs://video_us/results/segment/sb_measure_20260415_141719_253b232b_merged_trunc_600s/segment.json,/home/heng/segment_split_measurement/results/sweep_20260415_135645Z_json/20260415_141719_253b232b.json
20260415_135645Z,10.0,600.0,10,20260415_141746_3b7363ab,2026-04-15T14:18:30.129418+00:00,True,,0.231438,1.759573,35.94252,5.240804,4,4,4,seg_google_us,split_google_us,video_us,gs://video_us/segment_split_sweep/20260415_135645Z/d600s_t10/20260415_141746_3b7363ab/sb_measure_20260415_141746_3b7363ab_merged_trunc_600s.mp4,gs://video_us/results/segment/sb_measure_20260415_141746_3b7363ab_merged_trunc_600s/segment.json,/home/heng/segment_split_measurement/results/sweep_20260415_135645Z_json/20260415_141746_3b7363ab.json
20260415_135645Z,12.0,720.0,1,20260415_141830_261455f6,2026-04-15T14:19:08.751798+00:00,True,,0.238721,2.041348,30.35255,5.977064,5,5,5,seg_google_us,split_google_us,video_us,gs://video_us/segment_split_sweep/20260415_135645Z/d720s_t1/20260415_141830_261455f6/sb_measure_20260415_141830_261455f6_merged_trunc_720s.mp4,gs://video_us/results/segment/sb_measure_20260415_141830_261455f6_merged_trunc_720s/segment.json,/home/heng/segment_split_measurement/results/sweep_20260415_135645Z_json/20260415_141830_261455f6.json
20260415_135645Z,12.0,720.0,2,20260415_141908_5fa28d26,2026-04-15T14:19:41.496384+00:00,True,,0.237654,1.839965,24.598178,6.056509,5,5,5,seg_google_us,split_google_us,video_us,gs://video_us/segment_split_sweep/20260415_135645Z/d720s_t2/20260415_141908_5fa28d26/sb_measure_20260415_141908_5fa28d26_merged_trunc_720s.mp4,gs://video_us/results/segment/sb_measure_20260415_141908_5fa28d26_merged_trunc_720s/segment.json,/home/heng/segment_split_measurement/results/sweep_20260415_135645Z_json/20260415_141908_5fa28d26.json
20260415_135645Z,12.0,720.0,3,20260415_141941_8328db1f,2026-04-15T14:20:26.149907+00:00,True,,0.236744,1.826499,36.288263,6.289303,5,5,5,seg_google_us,split_google_us,video_us,gs://video_us/segment_split_sweep/20260415_135645Z/d720s_t3/20260415_141941_8328db1f/sb_measure_20260415_141941_8328db1f_merged_trunc_720s.mp4,gs://video_us/results/segment/sb_measure_20260415_141941_8328db1f_merged_trunc_720s/segment.json,/home/heng/segment_split_measurement/results/sweep_20260415_135645Z_json/20260415_141941_8328db1f.json
20260415_135645Z,12.0,720.0,4,20260415_142026_7336fe46,2026-04-15T14:21:02.100022+00:00,True,,0.236496,1.793789,28.32485,5.582039,5,5,5,seg_google_us,split_google_us,video_us,gs://video_us/segment_split_sweep/20260415_135645Z/d720s_t4/20260415_142026_7336fe46/sb_measure_20260415_142026_7336fe46_merged_trunc_720s.mp4,gs://video_us/results/segment/sb_measure_20260415_142026_7336fe46_merged_trunc_720s/segment.json,/home/heng/segment_split_measurement/results/sweep_20260415_135645Z_json/20260415_142026_7336fe46.json
20260415_135645Z,12.0,720.0,5,20260415_142102_0d9963a3,2026-04-15T14:21:40.455129+00:00,True,,0.240534,1.667641,31.043987,5.390354,5,5,5,seg_google_us,split_google_us,video_us,gs://video_us/segment_split_sweep/20260415_135645Z/d720s_t5/20260415_142102_0d9963a3/sb_measure_20260415_142102_0d9963a3_merged_trunc_720s.mp4,gs://video_us/results/segment/sb_measure_20260415_142102_0d9963a3_merged_trunc_720s/segment.json,/home/heng/segment_split_measurement/results/sweep_20260415_135645Z_json/20260415_142102_0d9963a3.json
20260415_135645Z,12.0,720.0,6,20260415_142140_9bc3b3b9,2026-04-15T14:22:16.471387+00:00,True,,0.237451,1.877466,28.372145,5.514284,5,5,5,seg_google_us,split_google_us,video_us,gs://video_us/segment_split_sweep/20260415_135645Z/d720s_t6/20260415_142140_9bc3b3b9/sb_measure_20260415_142140_9bc3b3b9_merged_trunc_720s.mp4,gs://video_us/results/segment/sb_measure_20260415_142140_9bc3b3b9_merged_trunc_720s/segment.json,/home/heng/segment_split_measurement/results/sweep_20260415_135645Z_json/20260415_142140_9bc3b3b9.json
20260415_135645Z,12.0,720.0,7,20260415_142216_0f3eec97,2026-04-15T14:22:51.473822+00:00,True,,0.351601,1.940907,26.673055,6.023631,5,5,5,seg_google_us,split_google_us,video_us,gs://video_us/segment_split_sweep/20260415_135645Z/d720s_t7/20260415_142216_0f3eec97/sb_measure_20260415_142216_0f3eec97_merged_trunc_720s.mp4,gs://video_us/results/segment/sb_measure_20260415_142216_0f3eec97_merged_trunc_720s/segment.json,/home/heng/segment_split_measurement/results/sweep_20260415_135645Z_json/20260415_142216_0f3eec97.json
20260415_135645Z,12.0,720.0,8,20260415_142251_af92aa0e,2026-04-15T14:23:21.517247+00:00,True,,0.238793,1.700813,22.272761,5.816461,5,5,5,seg_google_us,split_google_us,video_us,gs://video_us/segment_split_sweep/20260415_135645Z/d720s_t8/20260415_142251_af92aa0e/sb_measure_20260415_142251_af92aa0e_merged_trunc_720s.mp4,gs://video_us/results/segment/sb_measure_20260415_142251_af92aa0e_merged_trunc_720s/segment.json,/home/heng/segment_split_measurement/results/sweep_20260415_135645Z_json/20260415_142251_af92aa0e.json
20260415_135645Z,12.0,720.0,9,20260415_142321_792d8986,2026-04-15T14:23:45.752571+00:00,True,,0.238081,2.033613,15.715074,6.234113,5,5,5,seg_google_us,split_google_us,video_us,gs://video_us/segment_split_sweep/20260415_135645Z/d720s_t9/20260415_142321_792d8986/sb_measure_20260415_142321_792d8986_merged_trunc_720s.mp4,gs://video_us/results/segment/sb_measure_20260415_142321_792d8986_merged_trunc_720s/segment.json,/home/heng/segment_split_measurement/results/sweep_20260415_135645Z_json/20260415_142321_792d8986.json
20260415_135645Z,12.0,720.0,10,20260415_142345_8295a092,2026-04-15T14:24:23.421212+00:00,True,,0.237824,1.746219,29.50406,6.167185,5,5,5,seg_google_us,split_google_us,video_us,gs://video_us/segment_split_sweep/20260415_135645Z/d720s_t10/20260415_142345_8295a092/sb_measure_20260415_142345_8295a092_merged_trunc_720s.mp4,gs://video_us/results/segment/sb_measure_20260415_142345_8295a092_merged_trunc_720s/segment.json,/home/heng/segment_split_measurement/results/sweep_20260415_135645Z_json/20260415_142345_8295a092.json
20260415_135645Z,14.0,840.0,1,20260415_142423_36a133ba,2026-04-15T14:25:05.678740+00:00,True,,0.262298,1.669497,33.725567,6.586434,5,5,5,seg_google_us,split_google_us,video_us,gs://video_us/segment_split_sweep/20260415_135645Z/d840s_t1/20260415_142423_36a133ba/sb_measure_20260415_142423_36a133ba_merged_trunc_840s.mp4,gs://video_us/results/segment/sb_measure_20260415_142423_36a133ba_merged_trunc_840s/segment.json,/home/heng/segment_split_measurement/results/sweep_20260415_135645Z_json/20260415_142423_36a133ba.json
20260415_135645Z,14.0,840.0,2,20260415_142505_1a105c9a,2026-04-15T14:25:32.788351+00:00,True,,0.253369,1.685678,18.847937,6.307394,5,5,5,seg_google_us,split_google_us,video_us,gs://video_us/segment_split_sweep/20260415_135645Z/d840s_t2/20260415_142505_1a105c9a/sb_measure_20260415_142505_1a105c9a_merged_trunc_840s.mp4,gs://video_us/results/segment/sb_measure_20260415_142505_1a105c9a_merged_trunc_840s/segment.json,/home/heng/segment_split_measurement/results/sweep_20260415_135645Z_json/20260415_142505_1a105c9a.json
20260415_135645Z,14.0,840.0,3,20260415_142532_788570a0,2026-04-15T14:26:13.170654+00:00,True,,0.254801,2.103704,32.048472,5.961558,5,5,5,seg_google_us,split_google_us,video_us,gs://video_us/segment_split_sweep/20260415_135645Z/d840s_t3/20260415_142532_788570a0/sb_measure_20260415_142532_788570a0_merged_trunc_840s.mp4,gs://video_us/results/segment/sb_measure_20260415_142532_788570a0_merged_trunc_840s/segment.json,/home/heng/segment_split_measurement/results/sweep_20260415_135645Z_json/20260415_142532_788570a0.json
20260415_135645Z,14.0,840.0,4,20260415_142613_b06e5bc7,2026-04-15T14:27:00.927506+00:00,True,,0.257068,1.699484,39.395976,6.390621,5,5,5,seg_google_us,split_google_us,video_us,gs://video_us/segment_split_sweep/20260415_135645Z/d840s_t4/20260415_142613_b06e5bc7/sb_measure_20260415_142613_b06e5bc7_merged_trunc_840s.mp4,gs://video_us/results/segment/sb_measure_20260415_142613_b06e5bc7_merged_trunc_840s/segment.json,/home/heng/segment_split_measurement/results/sweep_20260415_135645Z_json/20260415_142613_b06e5bc7.json
20260415_135645Z,14.0,840.0,5,20260415_142700_1a97dea1,2026-04-15T14:27:40.496537+00:00,True,,0.255641,1.81396,31.223797,6.26191,5,5,5,seg_google_us,split_google_us,video_us,gs://video_us/segment_split_sweep/20260415_135645Z/d840s_t5/20260415_142700_1a97dea1/sb_measure_20260415_142700_1a97dea1_merged_trunc_840s.mp4,gs://video_us/results/segment/sb_measure_20260415_142700_1a97dea1_merged_trunc_840s/segment.json,/home/heng/segment_split_measurement/results/sweep_20260415_135645Z_json/20260415_142700_1a97dea1.json
20260415_135645Z,14.0,840.0,6,20260415_142740_95de5c28,2026-04-15T14:28:22.892572+00:00,True,,0.254146,1.925244,33.788485,6.414655,5,5,5,seg_google_us,split_google_us,video_us,gs://video_us/segment_split_sweep/20260415_135645Z/d840s_t6/20260415_142740_95de5c28/sb_measure_20260415_142740_95de5c28_merged_trunc_840s.mp4,gs://video_us/results/segment/sb_measure_20260415_142740_95de5c28_merged_trunc_840s/segment.json,/home/heng/segment_split_measurement/results/sweep_20260415_135645Z_json/20260415_142740_95de5c28.json
20260415_135645Z,14.0,840.0,7,20260415_142822_4de4cb56,2026-04-15T14:28:50.369558+00:00,True,,0.257858,1.912711,19.383595,5.906652,5,5,5,seg_google_us,split_google_us,video_us,gs://video_us/segment_split_sweep/20260415_135645Z/d840s_t7/20260415_142822_4de4cb56/sb_measure_20260415_142822_4de4cb56_merged_trunc_840s.mp4,gs://video_us/results/segment/sb_measure_20260415_142822_4de4cb56_merged_trunc_840s/segment.json,/home/heng/segment_split_measurement/results/sweep_20260415_135645Z_json/20260415_142822_4de4cb56.json
20260415_135645Z,14.0,840.0,8,20260415_142850_3179c3d1,2026-04-15T14:29:22.498522+00:00,True,,0.256361,1.90043,23.874338,6.082327,5,5,5,seg_google_us,split_google_us,video_us,gs://video_us/segment_split_sweep/20260415_135645Z/d840s_t8/20260415_142850_3179c3d1/sb_measure_20260415_142850_3179c3d1_merged_trunc_840s.mp4,gs://video_us/results/segment/sb_measure_20260415_142850_3179c3d1_merged_trunc_840s/segment.json,/home/heng/segment_split_measurement/results/sweep_20260415_135645Z_json/20260415_142850_3179c3d1.json
20260415_135645Z,14.0,840.0,9,20260415_142922_16738208,2026-04-15T14:30:14.675724+00:00,True,,0.253115,1.620878,34.268026,16.020871,5,5,5,seg_google_us,split_google_us,video_us,gs://video_us/segment_split_sweep/20260415_135645Z/d840s_t9/20260415_142922_16738208/sb_measure_20260415_142922_16738208_merged_trunc_840s.mp4,gs://video_us/results/segment/sb_measure_20260415_142922_16738208_merged_trunc_840s/segment.json,/home/heng/segment_split_measurement/results/sweep_20260415_135645Z_json/20260415_142922_16738208.json
20260415_135645Z,14.0,840.0,10,20260415_143014_0afc303b,2026-04-15T14:30:46.068067+00:00,True,,0.258821,2.097236,22.876654,6.145892,5,5,5,seg_google_us,split_google_us,video_us,gs://video_us/segment_split_sweep/20260415_135645Z/d840s_t10/20260415_143014_0afc303b/sb_measure_20260415_143014_0afc303b_merged_trunc_840s.mp4,gs://video_us/results/segment/sb_measure_20260415_143014_0afc303b_merged_trunc_840s/segment.json,/home/heng/segment_split_measurement/results/sweep_20260415_135645Z_json/20260415_143014_0afc303b.json
20260415_135645Z,16.0,960.0,1,20260415_143046_d61d6d6a,2026-04-15T14:31:30.346178+00:00,True,,0.272442,2.00081,35.228802,6.760926,6,6,6,seg_google_us,split_google_us,video_us,gs://video_us/segment_split_sweep/20260415_135645Z/d960s_t1/20260415_143046_d61d6d6a/sb_measure_20260415_143046_d61d6d6a_merged_trunc_960s.mp4,gs://video_us/results/segment/sb_measure_20260415_143046_d61d6d6a_merged_trunc_960s/segment.json,/home/heng/segment_split_measurement/results/sweep_20260415_135645Z_json/20260415_143046_d61d6d6a.json
20260415_135645Z,16.0,960.0,2,20260415_143130_df53b43d,2026-04-15T14:32:25.682502+00:00,True,,0.274403,1.710787,46.186653,7.148906,6,6,6,seg_google_us,split_google_us,video_us,gs://video_us/segment_split_sweep/20260415_135645Z/d960s_t2/20260415_143130_df53b43d/sb_measure_20260415_143130_df53b43d_merged_trunc_960s.mp4,gs://video_us/results/segment/sb_measure_20260415_143130_df53b43d_merged_trunc_960s/segment.json,/home/heng/segment_split_measurement/results/sweep_20260415_135645Z_json/20260415_143130_df53b43d.json
20260415_135645Z,16.0,960.0,3,20260415_143225_59712ae1,2026-04-15T14:33:03.353733+00:00,True,,0.281075,1.862123,27.737573,7.774827,6,6,6,seg_google_us,split_google_us,video_us,gs://video_us/segment_split_sweep/20260415_135645Z/d960s_t3/20260415_143225_59712ae1/sb_measure_20260415_143225_59712ae1_merged_trunc_960s.mp4,gs://video_us/results/segment/sb_measure_20260415_143225_59712ae1_merged_trunc_960s/segment.json,/home/heng/segment_split_measurement/results/sweep_20260415_135645Z_json/20260415_143225_59712ae1.json
20260415_135645Z,16.0,960.0,4,20260415_143303_9ee59828,2026-04-15T14:33:51.350517+00:00,True,,0.273818,2.283415,37.755049,7.669913,6,6,6,seg_google_us,split_google_us,video_us,gs://video_us/segment_split_sweep/20260415_135645Z/d960s_t4/20260415_143303_9ee59828/sb_measure_20260415_143303_9ee59828_merged_trunc_960s.mp4,gs://video_us/results/segment/sb_measure_20260415_143303_9ee59828_merged_trunc_960s/segment.json,/home/heng/segment_split_measurement/results/sweep_20260415_135645Z_json/20260415_143303_9ee59828.json
20260415_135645Z,16.0,960.0,5,20260415_143351_30299d73,2026-04-15T14:34:36.521744+00:00,True,,0.277267,1.616438,36.130443,7.131631,6,6,6,seg_google_us,split_google_us,video_us,gs://video_us/segment_split_sweep/20260415_135645Z/d960s_t5/20260415_143351_30299d73/sb_measure_20260415_143351_30299d73_merged_trunc_960s.mp4,gs://video_us/results/segment/sb_measure_20260415_143351_30299d73_merged_trunc_960s/segment.json,/home/heng/segment_split_measurement/results/sweep_20260415_135645Z_json/20260415_143351_30299d73.json
20260415_135645Z,16.0,960.0,6,20260415_143436_6be9bb33,2026-04-15T14:35:19.142579+00:00,True,,0.27897,1.803179,33.50554,7.018167,6,6,6,seg_google_us,split_google_us,video_us,gs://video_us/segment_split_sweep/20260415_135645Z/d960s_t6/20260415_143436_6be9bb33/sb_measure_20260415_143436_6be9bb33_merged_trunc_960s.mp4,gs://video_us/results/segment/sb_measure_20260415_143436_6be9bb33_merged_trunc_960s/segment.json,/home/heng/segment_split_measurement/results/sweep_20260415_135645Z_json/20260415_143436_6be9bb33.json
20260415_135645Z,16.0,960.0,7,20260415_143519_ae02f9e6,2026-04-15T14:35:58.007899+00:00,True,,0.274628,1.683709,29.803652,7.087696,6,6,6,seg_google_us,split_google_us,video_us,gs://video_us/segment_split_sweep/20260415_135645Z/d960s_t7/20260415_143519_ae02f9e6/sb_measure_20260415_143519_ae02f9e6_merged_trunc_960s.mp4,gs://video_us/results/segment/sb_measure_20260415_143519_ae02f9e6_merged_trunc_960s/segment.json,/home/heng/segment_split_measurement/results/sweep_20260415_135645Z_json/20260415_143519_ae02f9e6.json
20260415_135645Z,16.0,960.0,8,20260415_143558_7c7fd589,2026-04-15T14:36:36.900618+00:00,True,,0.278434,2.128191,29.178194,7.292947,6,6,6,seg_google_us,split_google_us,video_us,gs://video_us/segment_split_sweep/20260415_135645Z/d960s_t8/20260415_143558_7c7fd589/sb_measure_20260415_143558_7c7fd589_merged_trunc_960s.mp4,gs://video_us/results/segment/sb_measure_20260415_143558_7c7fd589_merged_trunc_960s/segment.json,/home/heng/segment_split_measurement/results/sweep_20260415_135645Z_json/20260415_143558_7c7fd589.json
20260415_135645Z,16.0,960.0,9,20260415_143636_253b1fdc,2026-04-15T14:37:10.668766+00:00,True,,0.280013,1.976887,23.513107,7.982584,6,6,6,seg_google_us,split_google_us,video_us,gs://video_us/segment_split_sweep/20260415_135645Z/d960s_t9/20260415_143636_253b1fdc/sb_measure_20260415_143636_253b1fdc_merged_trunc_960s.mp4,gs://video_us/results/segment/sb_measure_20260415_143636_253b1fdc_merged_trunc_960s/segment.json,/home/heng/segment_split_measurement/results/sweep_20260415_135645Z_json/20260415_143636_253b1fdc.json
20260415_135645Z,16.0,960.0,10,20260415_143710_4d45cdc3,2026-04-15T14:38:07.587745+00:00,True,,0.274619,1.94485,47.964206,6.720687,6,6,6,seg_google_us,split_google_us,video_us,gs://video_us/segment_split_sweep/20260415_135645Z/d960s_t10/20260415_143710_4d45cdc3/sb_measure_20260415_143710_4d45cdc3_merged_trunc_960s.mp4,gs://video_us/results/segment/sb_measure_20260415_143710_4d45cdc3_merged_trunc_960s/segment.json,/home/heng/segment_split_measurement/results/sweep_20260415_135645Z_json/20260415_143710_4d45cdc3.json
20260415_135645Z,18.0,1080.0,1,20260415_143807_6f2a3aae,2026-04-15T14:38:53.090628+00:00,True,,0.296199,2.038207,35.328966,7.823126,7,7,7,seg_google_us,split_google_us,video_us,gs://video_us/segment_split_sweep/20260415_135645Z/d1080s_t1/20260415_143807_6f2a3aae/sb_measure_20260415_143807_6f2a3aae_merged_trunc_1080s.mp4,gs://video_us/results/segment/sb_measure_20260415_143807_6f2a3aae_merged_trunc_1080s/segment.json,/home/heng/segment_split_measurement/results/sweep_20260415_135645Z_json/20260415_143807_6f2a3aae.json
20260415_135645Z,18.0,1080.0,2,20260415_143853_a734ac49,2026-04-15T14:39:37.353988+00:00,True,,0.292603,1.995485,34.1348,7.821667,7,7,7,seg_google_us,split_google_us,video_us,gs://video_us/segment_split_sweep/20260415_135645Z/d1080s_t2/20260415_143853_a734ac49/sb_measure_20260415_143853_a734ac49_merged_trunc_1080s.mp4,gs://video_us/results/segment/sb_measure_20260415_143853_a734ac49_merged_trunc_1080s/segment.json,/home/heng/segment_split_measurement/results/sweep_20260415_135645Z_json/20260415_143853_a734ac49.json
20260415_135645Z,18.0,1080.0,3,20260415_143937_f2949c79,2026-04-15T14:40:15.176986+00:00,True,,0.299775,2.237636,26.741898,8.527298,7,7,7,seg_google_us,split_google_us,video_us,gs://video_us/segment_split_sweep/20260415_135645Z/d1080s_t3/20260415_143937_f2949c79/sb_measure_20260415_143937_f2949c79_merged_trunc_1080s.mp4,gs://video_us/results/segment/sb_measure_20260415_143937_f2949c79_merged_trunc_1080s/segment.json,/home/heng/segment_split_measurement/results/sweep_20260415_135645Z_json/20260415_143937_f2949c79.json
20260415_135645Z,18.0,1080.0,4,20260415_144015_330d685b,2026-04-15T14:41:14.488717+00:00,True,,0.305476,2.202439,48.785378,8.002404,7,7,7,seg_google_us,split_google_us,video_us,gs://video_us/segment_split_sweep/20260415_135645Z/d1080s_t4/20260415_144015_330d685b/sb_measure_20260415_144015_330d685b_merged_trunc_1080s.mp4,gs://video_us/results/segment/sb_measure_20260415_144015_330d685b_merged_trunc_1080s/segment.json,/home/heng/segment_split_measurement/results/sweep_20260415_135645Z_json/20260415_144015_330d685b.json
20260415_135645Z,18.0,1080.0,5,20260415_144114_ca6012a7,2026-04-15T14:42:02.195480+00:00,True,,0.29451,2.137363,36.641648,8.616596,7,7,7,seg_google_us,split_google_us,video_us,gs://video_us/segment_split_sweep/20260415_135645Z/d1080s_t5/20260415_144114_ca6012a7/sb_measure_20260415_144114_ca6012a7_merged_trunc_1080s.mp4,gs://video_us/results/segment/sb_measure_20260415_144114_ca6012a7_merged_trunc_1080s/segment.json,/home/heng/segment_split_measurement/results/sweep_20260415_135645Z_json/20260415_144114_ca6012a7.json
20260415_135645Z,18.0,1080.0,6,20260415_144202_a599dfa1,2026-04-15T14:42:42.090801+00:00,True,,0.301272,5.496334,26.358539,7.723132,7,7,7,seg_google_us,split_google_us,video_us,gs://video_us/segment_split_sweep/20260415_135645Z/d1080s_t6/20260415_144202_a599dfa1/sb_measure_20260415_144202_a599dfa1_merged_trunc_1080s.mp4,gs://video_us/results/segment/sb_measure_20260415_144202_a599dfa1_merged_trunc_1080s/segment.json,/home/heng/segment_split_measurement/results/sweep_20260415_135645Z_json/20260415_144202_a599dfa1.json
20260415_135645Z,18.0,1080.0,7,20260415_144242_eeea9403,2026-04-15T14:43:22.894436+00:00,True,,0.300696,2.007423,30.799541,7.680177,7,7,7,seg_google_us,split_google_us,video_us,gs://video_us/segment_split_sweep/20260415_135645Z/d1080s_t7/20260415_144242_eeea9403/sb_measure_20260415_144242_eeea9403_merged_trunc_1080s.mp4,gs://video_us/results/segment/sb_measure_20260415_144242_eeea9403_merged_trunc_1080s/segment.json,/home/heng/segment_split_measurement/results/sweep_20260415_135645Z_json/20260415_144242_eeea9403.json
20260415_135645Z,18.0,1080.0,8,20260415_144322_0033d9fc,2026-04-15T14:44:08.179620+00:00,True,,0.297099,2.059384,35.240462,7.672191,7,7,7,seg_google_us,split_google_us,video_us,gs://video_us/segment_split_sweep/20260415_135645Z/d1080s_t8/20260415_144322_0033d9fc/sb_measure_20260415_144322_0033d9fc_merged_trunc_1080s.mp4,gs://video_us/results/segment/sb_measure_20260415_144322_0033d9fc_merged_trunc_1080s/segment.json,/home/heng/segment_split_measurement/results/sweep_20260415_135645Z_json/20260415_144322_0033d9fc.json
20260415_135645Z,18.0,1080.0,9,20260415_144408_f9c8fae9,2026-04-15T14:44:56.635545+00:00,True,,0.298261,2.150727,38.852642,7.138011,7,7,7,seg_google_us,split_google_us,video_us,gs://video_us/segment_split_sweep/20260415_135645Z/d1080s_t9/20260415_144408_f9c8fae9/sb_measure_20260415_144408_f9c8fae9_merged_trunc_1080s.mp4,gs://video_us/results/segment/sb_measure_20260415_144408_f9c8fae9_merged_trunc_1080s/segment.json,/home/heng/segment_split_measurement/results/sweep_20260415_135645Z_json/20260415_144408_f9c8fae9.json
20260415_135645Z,18.0,1080.0,10,20260415_144456_9a81bf4a,2026-04-15T14:45:47.434495+00:00,True,,0.299736,1.933299,39.945701,8.603494,7,7,7,seg_google_us,split_google_us,video_us,gs://video_us/segment_split_sweep/20260415_135645Z/d1080s_t10/20260415_144456_9a81bf4a/sb_measure_20260415_144456_9a81bf4a_merged_trunc_1080s.mp4,gs://video_us/results/segment/sb_measure_20260415_144456_9a81bf4a_merged_trunc_1080s/segment.json,/home/heng/segment_split_measurement/results/sweep_20260415_135645Z_json/20260415_144456_9a81bf4a.json
20260415_135645Z,20.0,1200.0,1,20260415_144547_f118b979,2026-04-15T14:46:40.582363+00:00,True,,0.314716,2.112286,42.483596,8.219242,7,7,7,seg_google_us,split_google_us,video_us,gs://video_us/segment_split_sweep/20260415_135645Z/d1200s_t1/20260415_144547_f118b979/sb_measure_20260415_144547_f118b979_merged_trunc_1200s.mp4,gs://video_us/results/segment/sb_measure_20260415_144547_f118b979_merged_trunc_1200s/segment.json,/home/heng/segment_split_measurement/results/sweep_20260415_135645Z_json/20260415_144547_f118b979.json
20260415_135645Z,20.0,1200.0,2,20260415_144640_9f0342a5,2026-04-15T14:47:35.493878+00:00,True,,0.316456,2.148651,44.127563,8.301629,7,7,7,seg_google_us,split_google_us,video_us,gs://video_us/segment_split_sweep/20260415_135645Z/d1200s_t2/20260415_144640_9f0342a5/sb_measure_20260415_144640_9f0342a5_merged_trunc_1200s.mp4,gs://video_us/results/segment/sb_measure_20260415_144640_9f0342a5_merged_trunc_1200s/segment.json,/home/heng/segment_split_measurement/results/sweep_20260415_135645Z_json/20260415_144640_9f0342a5.json
20260415_135645Z,20.0,1200.0,3,20260415_144735_99214d2f,2026-04-15T14:48:12.638799+00:00,True,,0.31505,2.012386,26.494327,8.305348,7,7,7,seg_google_us,split_google_us,video_us,gs://video_us/segment_split_sweep/20260415_135645Z/d1200s_t3/20260415_144735_99214d2f/sb_measure_20260415_144735_99214d2f_merged_trunc_1200s.mp4,gs://video_us/results/segment/sb_measure_20260415_144735_99214d2f_merged_trunc_1200s/segment.json,/home/heng/segment_split_measurement/results/sweep_20260415_135645Z_json/20260415_144735_99214d2f.json
20260415_135645Z,20.0,1200.0,4,20260415_144812_fa6b3aa0,2026-04-15T14:48:51.826869+00:00,True,,0.317793,2.260621,28.56299,8.029203,7,7,7,seg_google_us,split_google_us,video_us,gs://video_us/segment_split_sweep/20260415_135645Z/d1200s_t4/20260415_144812_fa6b3aa0/sb_measure_20260415_144812_fa6b3aa0_merged_trunc_1200s.mp4,gs://video_us/results/segment/sb_measure_20260415_144812_fa6b3aa0_merged_trunc_1200s/segment.json,/home/heng/segment_split_measurement/results/sweep_20260415_135645Z_json/20260415_144812_fa6b3aa0.json
20260415_135645Z,20.0,1200.0,5,20260415_144851_e7181810,2026-04-15T14:49:38.776039+00:00,True,,0.315702,2.086281,36.818566,7.710891,7,7,7,seg_google_us,split_google_us,video_us,gs://video_us/segment_split_sweep/20260415_135645Z/d1200s_t5/20260415_144851_e7181810/sb_measure_20260415_144851_e7181810_merged_trunc_1200s.mp4,gs://video_us/results/segment/sb_measure_20260415_144851_e7181810_merged_trunc_1200s/segment.json,/home/heng/segment_split_measurement/results/sweep_20260415_135645Z_json/20260415_144851_e7181810.json
20260415_135645Z,20.0,1200.0,6,20260415_144938_d36cad12,2026-04-15T14:50:35.289349+00:00,True,,0.339454,2.219681,46.160004,7.77663,7,7,7,seg_google_us,split_google_us,video_us,gs://video_us/segment_split_sweep/20260415_135645Z/d1200s_t6/20260415_144938_d36cad12/sb_measure_20260415_144938_d36cad12_merged_trunc_1200s.mp4,gs://video_us/results/segment/sb_measure_20260415_144938_d36cad12_merged_trunc_1200s/segment.json,/home/heng/segment_split_measurement/results/sweep_20260415_135645Z_json/20260415_144938_d36cad12.json
20260415_135645Z,20.0,1200.0,7,20260415_145035_3e57756d,2026-04-15T14:51:30.736579+00:00,True,,0.313495,2.3182,43.744417,9.053855,7,7,7,seg_google_us,split_google_us,video_us,gs://video_us/segment_split_sweep/20260415_135645Z/d1200s_t7/20260415_145035_3e57756d/sb_measure_20260415_145035_3e57756d_merged_trunc_1200s.mp4,gs://video_us/results/segment/sb_measure_20260415_145035_3e57756d_merged_trunc_1200s/segment.json,/home/heng/segment_split_measurement/results/sweep_20260415_135645Z_json/20260415_145035_3e57756d.json
20260415_135645Z,20.0,1200.0,8,20260415_145130_c3a82147,2026-04-15T14:52:01.111005+00:00,True,,0.312368,1.948376,20.386843,7.709638,7,7,7,seg_google_us,split_google_us,video_us,gs://video_us/segment_split_sweep/20260415_135645Z/d1200s_t8/20260415_145130_c3a82147/sb_measure_20260415_145130_c3a82147_merged_trunc_1200s.mp4,gs://video_us/results/segment/sb_measure_20260415_145130_c3a82147_merged_trunc_1200s/segment.json,/home/heng/segment_split_measurement/results/sweep_20260415_135645Z_json/20260415_145130_c3a82147.json
20260415_135645Z,20.0,1200.0,9,20260415_145201_f1f9b6cc,2026-04-15T14:53:02.133004+00:00,True,,0.310255,2.071828,41.74572,16.876463,7,7,7,seg_google_us,split_google_us,video_us,gs://video_us/segment_split_sweep/20260415_135645Z/d1200s_t9/20260415_145201_f1f9b6cc/sb_measure_20260415_145201_f1f9b6cc_merged_trunc_1200s.mp4,gs://video_us/results/segment/sb_measure_20260415_145201_f1f9b6cc_merged_trunc_1200s/segment.json,/home/heng/segment_split_measurement/results/sweep_20260415_135645Z_json/20260415_145201_f1f9b6cc.json
20260415_135645Z,20.0,1200.0,10,20260415_145302_b298de2a,2026-04-15T14:53:46.191874+00:00,True,,0.318411,2.518994,33.42606,7.777973,7,7,7,seg_google_us,split_google_us,video_us,gs://video_us/segment_split_sweep/20260415_135645Z/d1200s_t10/20260415_145302_b298de2a/sb_measure_20260415_145302_b298de2a_merged_trunc_1200s.mp4,gs://video_us/results/segment/sb_measure_20260415_145302_b298de2a_merged_trunc_1200s/segment.json,/home/heng/segment_split_measurement/results/sweep_20260415_135645Z_json/20260415_145302_b298de2a.json
20260415_135645Z,22.0,1320.0,1,20260415_145346_f2afdcc7,2026-04-15T14:54:31.351575+00:00,True,,0.332213,2.196141,33.644758,8.96793,9,9,9,seg_google_us,split_google_us,video_us,gs://video_us/segment_split_sweep/20260415_135645Z/d1320s_t1/20260415_145346_f2afdcc7/sb_measure_20260415_145346_f2afdcc7_merged_trunc_1320s.mp4,gs://video_us/results/segment/sb_measure_20260415_145346_f2afdcc7_merged_trunc_1320s/segment.json,/home/heng/segment_split_measurement/results/sweep_20260415_135645Z_json/20260415_145346_f2afdcc7.json
20260415_135645Z,22.0,1320.0,2,20260415_145431_d92c3f61,2026-04-15T14:55:04.597020+00:00,True,,0.333245,2.197912,21.427231,9.268819,9,9,9,seg_google_us,split_google_us,video_us,gs://video_us/segment_split_sweep/20260415_135645Z/d1320s_t2/20260415_145431_d92c3f61/sb_measure_20260415_145431_d92c3f61_merged_trunc_1320s.mp4,gs://video_us/results/segment/sb_measure_20260415_145431_d92c3f61_merged_trunc_1320s/segment.json,/home/heng/segment_split_measurement/results/sweep_20260415_135645Z_json/20260415_145431_d92c3f61.json
20260415_135645Z,22.0,1320.0,3,20260415_145504_ef030493,2026-04-15T14:55:37.908733+00:00,True,,0.327757,2.203255,21.892723,8.869711,9,9,9,seg_google_us,split_google_us,video_us,gs://video_us/segment_split_sweep/20260415_135645Z/d1320s_t3/20260415_145504_ef030493/sb_measure_20260415_145504_ef030493_merged_trunc_1320s.mp4,gs://video_us/results/segment/sb_measure_20260415_145504_ef030493_merged_trunc_1320s/segment.json,/home/heng/segment_split_measurement/results/sweep_20260415_135645Z_json/20260415_145504_ef030493.json
20260415_135645Z,22.0,1320.0,4,20260415_145537_02476293,2026-04-15T14:56:43.078675+00:00,True,,0.348263,2.175805,53.312308,9.314838,9,9,9,seg_google_us,split_google_us,video_us,gs://video_us/segment_split_sweep/20260415_135645Z/d1320s_t4/20260415_145537_02476293/sb_measure_20260415_145537_02476293_merged_trunc_1320s.mp4,gs://video_us/results/segment/sb_measure_20260415_145537_02476293_merged_trunc_1320s/segment.json,/home/heng/segment_split_measurement/results/sweep_20260415_135645Z_json/20260415_145537_02476293.json
20260415_135645Z,22.0,1320.0,5,20260415_145643_bd193693,2026-04-15T14:57:30.254093+00:00,True,,0.334254,2.108444,35.639533,9.075105,9,9,9,seg_google_us,split_google_us,video_us,gs://video_us/segment_split_sweep/20260415_135645Z/d1320s_t5/20260415_145643_bd193693/sb_measure_20260415_145643_bd193693_merged_trunc_1320s.mp4,gs://video_us/results/segment/sb_measure_20260415_145643_bd193693_merged_trunc_1320s/segment.json,/home/heng/segment_split_measurement/results/sweep_20260415_135645Z_json/20260415_145643_bd193693.json
20260415_135645Z,22.0,1320.0,6,20260415_145730_f7f54967,2026-04-15T14:58:38.399426+00:00,True,,0.333211,2.33512,55.958235,9.499573,9,9,9,seg_google_us,split_google_us,video_us,gs://video_us/segment_split_sweep/20260415_135645Z/d1320s_t6/20260415_145730_f7f54967/sb_measure_20260415_145730_f7f54967_merged_trunc_1320s.mp4,gs://video_us/results/segment/sb_measure_20260415_145730_f7f54967_merged_trunc_1320s/segment.json,/home/heng/segment_split_measurement/results/sweep_20260415_135645Z_json/20260415_145730_f7f54967.json
20260415_135645Z,22.0,1320.0,7,20260415_145838_4e6c1356,2026-04-15T14:59:30.110127+00:00,True,,0.33598,2.119107,40.492933,8.743957,9,9,9,seg_google_us,split_google_us,video_us,gs://video_us/segment_split_sweep/20260415_135645Z/d1320s_t7/20260415_145838_4e6c1356/sb_measure_20260415_145838_4e6c1356_merged_trunc_1320s.mp4,gs://video_us/results/segment/sb_measure_20260415_145838_4e6c1356_merged_trunc_1320s/segment.json,/home/heng/segment_split_measurement/results/sweep_20260415_135645Z_json/20260415_145838_4e6c1356.json
20260415_135645Z,22.0,1320.0,8,20260415_145930_7c398d71,2026-04-15T15:00:23.522661+00:00,True,,0.331684,2.274785,40.4119,10.375944,9,9,9,seg_google_us,split_google_us,video_us,gs://video_us/segment_split_sweep/20260415_135645Z/d1320s_t8/20260415_145930_7c398d71/sb_measure_20260415_145930_7c398d71_merged_trunc_1320s.mp4,gs://video_us/results/segment/sb_measure_20260415_145930_7c398d71_merged_trunc_1320s/segment.json,/home/heng/segment_split_measurement/results/sweep_20260415_135645Z_json/20260415_145930_7c398d71.json
20260415_135645Z,22.0,1320.0,9,20260415_150023_b4687fe9,2026-04-15T15:01:08.325951+00:00,True,,0.336373,2.111876,33.236703,9.099845,9,9,9,seg_google_us,split_google_us,video_us,gs://video_us/segment_split_sweep/20260415_135645Z/d1320s_t9/20260415_150023_b4687fe9/sb_measure_20260415_150023_b4687fe9_merged_trunc_1320s.mp4,gs://video_us/results/segment/sb_measure_20260415_150023_b4687fe9_merged_trunc_1320s/segment.json,/home/heng/segment_split_measurement/results/sweep_20260415_135645Z_json/20260415_150023_b4687fe9.json
20260415_135645Z,22.0,1320.0,10,20260415_150108_18c26d0a,2026-04-15T15:02:06.069654+00:00,True,,0.330207,2.325264,46.165197,8.904409,9,9,9,seg_google_us,split_google_us,video_us,gs://video_us/segment_split_sweep/20260415_135645Z/d1320s_t10/20260415_150108_18c26d0a/sb_measure_20260415_150108_18c26d0a_merged_trunc_1320s.mp4,gs://video_us/results/segment/sb_measure_20260415_150108_18c26d0a_merged_trunc_1320s/segment.json,/home/heng/segment_split_measurement/results/sweep_20260415_135645Z_json/20260415_150108_18c26d0a.json
20260415_135645Z,24.0,1440.0,1,20260415_150206_4e6c7600,2026-04-15T15:03:08.659892+00:00,True,,0.353704,2.364771,49.822111,10.030434,10,10,10,seg_google_us,split_google_us,video_us,gs://video_us/segment_split_sweep/20260415_135645Z/d1440s_t1/20260415_150206_4e6c7600/sb_measure_20260415_150206_4e6c7600_merged_trunc_1440s.mp4,gs://video_us/results/segment/sb_measure_20260415_150206_4e6c7600_merged_trunc_1440s/segment.json,/home/heng/segment_split_measurement/results/sweep_20260415_135645Z_json/20260415_150206_4e6c7600.json
20260415_135645Z,24.0,1440.0,2,20260415_150308_97198b11,2026-04-15T15:03:51.053173+00:00,True,,0.351121,2.46326,30.203944,9.355452,10,10,10,seg_google_us,split_google_us,video_us,gs://video_us/segment_split_sweep/20260415_135645Z/d1440s_t2/20260415_150308_97198b11/sb_measure_20260415_150308_97198b11_merged_trunc_1440s.mp4,gs://video_us/results/segment/sb_measure_20260415_150308_97198b11_merged_trunc_1440s/segment.json,/home/heng/segment_split_measurement/results/sweep_20260415_135645Z_json/20260415_150308_97198b11.json
20260415_135645Z,24.0,1440.0,3,20260415_150351_366ec5d0,2026-04-15T15:04:46.898521+00:00,True,,0.349464,2.455636,33.87887,19.142033,10,10,10,seg_google_us,split_google_us,video_us,gs://video_us/segment_split_sweep/20260415_135645Z/d1440s_t3/20260415_150351_366ec5d0/sb_measure_20260415_150351_366ec5d0_merged_trunc_1440s.mp4,gs://video_us/results/segment/sb_measure_20260415_150351_366ec5d0_merged_trunc_1440s/segment.json,/home/heng/segment_split_measurement/results/sweep_20260415_135645Z_json/20260415_150351_366ec5d0.json
20260415_135645Z,24.0,1440.0,4,20260415_150446_b2f44cce,2026-04-15T15:05:31.681150+00:00,True,,0.349728,2.066365,33.049007,9.298877,10,10,10,seg_google_us,split_google_us,video_us,gs://video_us/segment_split_sweep/20260415_135645Z/d1440s_t4/20260415_150446_b2f44cce/sb_measure_20260415_150446_b2f44cce_merged_trunc_1440s.mp4,gs://video_us/results/segment/sb_measure_20260415_150446_b2f44cce_merged_trunc_1440s/segment.json,/home/heng/segment_split_measurement/results/sweep_20260415_135645Z_json/20260415_150446_b2f44cce.json
20260415_135645Z,24.0,1440.0,5,20260415_150531_237745ce,2026-04-15T15:06:24.516679+00:00,True,,0.347942,2.249706,40.376122,9.84243,10,10,10,seg_google_us,split_google_us,video_us,gs://video_us/segment_split_sweep/20260415_135645Z/d1440s_t5/20260415_150531_237745ce/sb_measure_20260415_150531_237745ce_merged_trunc_1440s.mp4,gs://video_us/results/segment/sb_measure_20260415_150531_237745ce_merged_trunc_1440s/segment.json,/home/heng/segment_split_measurement/results/sweep_20260415_135645Z_json/20260415_150531_237745ce.json
20260415_135645Z,24.0,1440.0,6,20260415_150624_d08c151d,2026-04-15T15:07:19.833671+00:00,True,,0.351901,2.219651,43.107211,9.619068,10,10,10,seg_google_us,split_google_us,video_us,gs://video_us/segment_split_sweep/20260415_135645Z/d1440s_t6/20260415_150624_d08c151d/sb_measure_20260415_150624_d08c151d_merged_trunc_1440s.mp4,gs://video_us/results/segment/sb_measure_20260415_150624_d08c151d_merged_trunc_1440s/segment.json,/home/heng/segment_split_measurement/results/sweep_20260415_135645Z_json/20260415_150624_d08c151d.json
20260415_135645Z,24.0,1440.0,7,20260415_150719_e015ac8d,2026-04-15T15:08:24.275560+00:00,True,,0.34685,2.199842,52.486383,9.389205,10,10,10,seg_google_us,split_google_us,video_us,gs://video_us/segment_split_sweep/20260415_135645Z/d1440s_t7/20260415_150719_e015ac8d/sb_measure_20260415_150719_e015ac8d_merged_trunc_1440s.mp4,gs://video_us/results/segment/sb_measure_20260415_150719_e015ac8d_merged_trunc_1440s/segment.json,/home/heng/segment_split_measurement/results/sweep_20260415_135645Z_json/20260415_150719_e015ac8d.json
20260415_135645Z,24.0,1440.0,8,20260415_150824_300724fe,2026-04-15T15:09:22.222162+00:00,True,,0.352846,2.251152,45.841992,9.480507,10,10,10,seg_google_us,split_google_us,video_us,gs://video_us/segment_split_sweep/20260415_135645Z/d1440s_t8/20260415_150824_300724fe/sb_measure_20260415_150824_300724fe_merged_trunc_1440s.mp4,gs://video_us/results/segment/sb_measure_20260415_150824_300724fe_merged_trunc_1440s/segment.json,/home/heng/segment_split_measurement/results/sweep_20260415_135645Z_json/20260415_150824_300724fe.json
20260415_135645Z,24.0,1440.0,9,20260415_150922_b49650d4,2026-04-15T15:10:15.792551+00:00,True,,0.352137,2.168909,31.970396,19.05947,10,10,10,seg_google_us,split_google_us,video_us,gs://video_us/segment_split_sweep/20260415_135645Z/d1440s_t9/20260415_150922_b49650d4/sb_measure_20260415_150922_b49650d4_merged_trunc_1440s.mp4,gs://video_us/results/segment/sb_measure_20260415_150922_b49650d4_merged_trunc_1440s/segment.json,/home/heng/segment_split_measurement/results/sweep_20260415_135645Z_json/20260415_150922_b49650d4.json
20260415_135645Z,24.0,1440.0,10,20260415_151015_38eb0db9,2026-04-15T15:11:07.113715+00:00,True,,0.355945,2.315849,38.5214,10.109089,10,10,10,seg_google_us,split_google_us,video_us,gs://video_us/segment_split_sweep/20260415_135645Z/d1440s_t10/20260415_151015_38eb0db9/sb_measure_20260415_151015_38eb0db9_merged_trunc_1440s.mp4,gs://video_us/results/segment/sb_measure_20260415_151015_38eb0db9_merged_trunc_1440s/segment.json,/home/heng/segment_split_measurement/results/sweep_20260415_135645Z_json/20260415_151015_38eb0db9.json
20260415_135645Z,26.0,1560.0,1,20260415_151107_f5716d2e,2026-04-15T15:12:15.877735+00:00,True,,0.376966,2.4142,54.138699,11.81228,10,10,10,seg_google_us,split_google_us,video_us,gs://video_us/segment_split_sweep/20260415_135645Z/d1560s_t1/20260415_151107_f5716d2e/sb_measure_20260415_151107_f5716d2e_merged_trunc_1560s.mp4,gs://video_us/results/segment/sb_measure_20260415_151107_f5716d2e_merged_trunc_1560s/segment.json,/home/heng/segment_split_measurement/results/sweep_20260415_135645Z_json/20260415_151107_f5716d2e.json
20260415_135645Z,26.0,1560.0,2,20260415_151215_7f5076c5,2026-04-15T15:13:25.687455+00:00,True,,0.3908,3.094416,54.715555,11.587124,10,10,10,seg_google_us,split_google_us,video_us,gs://video_us/segment_split_sweep/20260415_135645Z/d1560s_t2/20260415_151215_7f5076c5/sb_measure_20260415_151215_7f5076c5_merged_trunc_1560s.mp4,gs://video_us/results/segment/sb_measure_20260415_151215_7f5076c5_merged_trunc_1560s/segment.json,/home/heng/segment_split_measurement/results/sweep_20260415_135645Z_json/20260415_151215_7f5076c5.json
20260415_135645Z,26.0,1560.0,3,20260415_151325_e312a1a8,2026-04-15T15:14:33.713216+00:00,True,,0.380012,2.396918,52.78668,12.440047,10,10,10,seg_google_us,split_google_us,video_us,gs://video_us/segment_split_sweep/20260415_135645Z/d1560s_t3/20260415_151325_e312a1a8/sb_measure_20260415_151325_e312a1a8_merged_trunc_1560s.mp4,gs://video_us/results/segment/sb_measure_20260415_151325_e312a1a8_merged_trunc_1560s/segment.json,/home/heng/segment_split_measurement/results/sweep_20260415_135645Z_json/20260415_151325_e312a1a8.json
20260415_135645Z,26.0,1560.0,4,20260415_151433_4592fb3a,2026-04-15T15:15:42.207058+00:00,True,,0.37906,2.580412,54.264531,11.247788,10,10,10,seg_google_us,split_google_us,video_us,gs://video_us/segment_split_sweep/20260415_135645Z/d1560s_t4/20260415_151433_4592fb3a/sb_measure_20260415_151433_4592fb3a_merged_trunc_1560s.mp4,gs://video_us/results/segment/sb_measure_20260415_151433_4592fb3a_merged_trunc_1560s/segment.json,/home/heng/segment_split_measurement/results/sweep_20260415_135645Z_json/20260415_151433_4592fb3a.json
20260415_135645Z,26.0,1560.0,5,20260415_151542_546c5084,2026-04-15T15:16:41.825605+00:00,True,,0.377785,2.678766,45.292737,11.24753,10,10,10,seg_google_us,split_google_us,video_us,gs://video_us/segment_split_sweep/20260415_135645Z/d1560s_t5/20260415_151542_546c5084/sb_measure_20260415_151542_546c5084_merged_trunc_1560s.mp4,gs://video_us/results/segment/sb_measure_20260415_151542_546c5084_merged_trunc_1560s/segment.json,/home/heng/segment_split_measurement/results/sweep_20260415_135645Z_json/20260415_151542_546c5084.json
20260415_135645Z,26.0,1560.0,6,20260415_151641_71826a34,2026-04-15T15:17:40.155245+00:00,True,,0.378364,2.488656,43.729576,11.711208,10,10,10,seg_google_us,split_google_us,video_us,gs://video_us/segment_split_sweep/20260415_135645Z/d1560s_t6/20260415_151641_71826a34/sb_measure_20260415_151641_71826a34_merged_trunc_1560s.mp4,gs://video_us/results/segment/sb_measure_20260415_151641_71826a34_merged_trunc_1560s/segment.json,/home/heng/segment_split_measurement/results/sweep_20260415_135645Z_json/20260415_151641_71826a34.json
20260415_135645Z,26.0,1560.0,7,20260415_151740_260af56c,2026-04-15T15:18:40.212835+00:00,True,,0.378468,2.551655,44.096243,13.008826,10,10,10,seg_google_us,split_google_us,video_us,gs://video_us/segment_split_sweep/20260415_135645Z/d1560s_t7/20260415_151740_260af56c/sb_measure_20260415_151740_260af56c_merged_trunc_1560s.mp4,gs://video_us/results/segment/sb_measure_20260415_151740_260af56c_merged_trunc_1560s/segment.json,/home/heng/segment_split_measurement/results/sweep_20260415_135645Z_json/20260415_151740_260af56c.json
20260415_135645Z,26.0,1560.0,8,20260415_151840_91086d92,2026-04-15T15:19:39.377354+00:00,True,,0.377709,2.674507,44.526052,11.564402,10,10,10,seg_google_us,split_google_us,video_us,gs://video_us/segment_split_sweep/20260415_135645Z/d1560s_t8/20260415_151840_91086d92/sb_measure_20260415_151840_91086d92_merged_trunc_1560s.mp4,gs://video_us/results/segment/sb_measure_20260415_151840_91086d92_merged_trunc_1560s/segment.json,/home/heng/segment_split_measurement/results/sweep_20260415_135645Z_json/20260415_151840_91086d92.json
20260415_135645Z,26.0,1560.0,9,20260415_151939_522847fe,2026-04-15T15:20:19.151681+00:00,True,,0.391118,2.824772,25.916896,10.619505,10,10,10,seg_google_us,split_google_us,video_us,gs://video_us/segment_split_sweep/20260415_135645Z/d1560s_t9/20260415_151939_522847fe/sb_measure_20260415_151939_522847fe_merged_trunc_1560s.mp4,gs://video_us/results/segment/sb_measure_20260415_151939_522847fe_merged_trunc_1560s/segment.json,/home/heng/segment_split_measurement/results/sweep_20260415_135645Z_json/20260415_151939_522847fe.json
20260415_135645Z,26.0,1560.0,10,20260415_152019_5229a4df,2026-04-15T15:21:33.670756+00:00,True,,0.377768,2.801957,59.993199,11.324461,10,10,10,seg_google_us,split_google_us,video_us,gs://video_us/segment_split_sweep/20260415_135645Z/d1560s_t10/20260415_152019_5229a4df/sb_measure_20260415_152019_5229a4df_merged_trunc_1560s.mp4,gs://video_us/results/segment/sb_measure_20260415_152019_5229a4df_merged_trunc_1560s/segment.json,/home/heng/segment_split_measurement/results/sweep_20260415_135645Z_json/20260415_152019_5229a4df.json
20260415_135645Z,28.0,1680.0,1,20260415_152133_55955dbd,2026-04-15T15:22:45.365452+00:00,True,,0.403277,2.713586,56.305756,12.248249,11,11,11,seg_google_us,split_google_us,video_us,gs://video_us/segment_split_sweep/20260415_135645Z/d1680s_t1/20260415_152133_55955dbd/sb_measure_20260415_152133_55955dbd_merged_trunc_1680s.mp4,gs://video_us/results/segment/sb_measure_20260415_152133_55955dbd_merged_trunc_1680s/segment.json,/home/heng/segment_split_measurement/results/sweep_20260415_135645Z_json/20260415_152133_55955dbd.json
20260415_135645Z,28.0,1680.0,2,20260415_152245_0d3dc909,2026-04-15T15:23:48.049341+00:00,True,,0.401147,2.353257,47.928858,11.976908,11,11,11,seg_google_us,split_google_us,video_us,gs://video_us/segment_split_sweep/20260415_135645Z/d1680s_t2/20260415_152245_0d3dc909/sb_measure_20260415_152245_0d3dc909_merged_trunc_1680s.mp4,gs://video_us/results/segment/sb_measure_20260415_152245_0d3dc909_merged_trunc_1680s/segment.json,/home/heng/segment_split_measurement/results/sweep_20260415_135645Z_json/20260415_152245_0d3dc909.json
20260415_135645Z,28.0,1680.0,3,20260415_152348_7ddb3f7e,2026-04-15T15:24:54.324782+00:00,True,,0.406609,2.730746,49.622085,13.492797,11,11,11,seg_google_us,split_google_us,video_us,gs://video_us/segment_split_sweep/20260415_135645Z/d1680s_t3/20260415_152348_7ddb3f7e/sb_measure_20260415_152348_7ddb3f7e_merged_trunc_1680s.mp4,gs://video_us/results/segment/sb_measure_20260415_152348_7ddb3f7e_merged_trunc_1680s/segment.json,/home/heng/segment_split_measurement/results/sweep_20260415_135645Z_json/20260415_152348_7ddb3f7e.json
20260415_135645Z,28.0,1680.0,4,20260415_152454_4c67e579,2026-04-15T15:25:59.153474+00:00,True,,0.397238,2.417816,49.883698,12.106752,11,11,11,seg_google_us,split_google_us,video_us,gs://video_us/segment_split_sweep/20260415_135645Z/d1680s_t4/20260415_152454_4c67e579/sb_measure_20260415_152454_4c67e579_merged_trunc_1680s.mp4,gs://video_us/results/segment/sb_measure_20260415_152454_4c67e579_merged_trunc_1680s/segment.json,/home/heng/segment_split_measurement/results/sweep_20260415_135645Z_json/20260415_152454_4c67e579.json
20260415_135645Z,28.0,1680.0,5,20260415_152559_0a5c601e,2026-04-15T15:26:56.248708+00:00,True,,0.400592,3.120579,41.323615,12.226688,11,11,11,seg_google_us,split_google_us,video_us,gs://video_us/segment_split_sweep/20260415_135645Z/d1680s_t5/20260415_152559_0a5c601e/sb_measure_20260415_152559_0a5c601e_merged_trunc_1680s.mp4,gs://video_us/results/segment/sb_measure_20260415_152559_0a5c601e_merged_trunc_1680s/segment.json,/home/heng/segment_split_measurement/results/sweep_20260415_135645Z_json/20260415_152559_0a5c601e.json
20260415_135645Z,28.0,1680.0,6,20260415_152656_351bf139,2026-04-15T15:28:03.588301+00:00,True,,0.398686,2.965192,51.249993,12.701115,11,11,11,seg_google_us,split_google_us,video_us,gs://video_us/segment_split_sweep/20260415_135645Z/d1680s_t6/20260415_152656_351bf139/sb_measure_20260415_152656_351bf139_merged_trunc_1680s.mp4,gs://video_us/results/segment/sb_measure_20260415_152656_351bf139_merged_trunc_1680s/segment.json,/home/heng/segment_split_measurement/results/sweep_20260415_135645Z_json/20260415_152656_351bf139.json
20260415_135645Z,28.0,1680.0,7,20260415_152803_6b68cfcb,2026-04-15T15:29:10.070419+00:00,True,,0.407058,2.752268,51.297654,12.001277,11,11,11,seg_google_us,split_google_us,video_us,gs://video_us/segment_split_sweep/20260415_135645Z/d1680s_t7/20260415_152803_6b68cfcb/sb_measure_20260415_152803_6b68cfcb_merged_trunc_1680s.mp4,gs://video_us/results/segment/sb_measure_20260415_152803_6b68cfcb_merged_trunc_1680s/segment.json,/home/heng/segment_split_measurement/results/sweep_20260415_135645Z_json/20260415_152803_6b68cfcb.json
20260415_135645Z,28.0,1680.0,8,20260415_152910_eb6c29cb,2026-04-15T15:30:12.237178+00:00,True,,0.397637,2.586953,47.590806,11.568286,11,11,11,seg_google_us,split_google_us,video_us,gs://video_us/segment_split_sweep/20260415_135645Z/d1680s_t8/20260415_152910_eb6c29cb/sb_measure_20260415_152910_eb6c29cb_merged_trunc_1680s.mp4,gs://video_us/results/segment/sb_measure_20260415_152910_eb6c29cb_merged_trunc_1680s/segment.json,/home/heng/segment_split_measurement/results/sweep_20260415_135645Z_json/20260415_152910_eb6c29cb.json
20260415_135645Z,28.0,1680.0,9,20260415_153012_91c4e795,2026-04-15T15:31:10.962629+00:00,True,,0.401881,2.632628,43.844632,11.822141,11,11,11,seg_google_us,split_google_us,video_us,gs://video_us/segment_split_sweep/20260415_135645Z/d1680s_t9/20260415_153012_91c4e795/sb_measure_20260415_153012_91c4e795_merged_trunc_1680s.mp4,gs://video_us/results/segment/sb_measure_20260415_153012_91c4e795_merged_trunc_1680s/segment.json,/home/heng/segment_split_measurement/results/sweep_20260415_135645Z_json/20260415_153012_91c4e795.json
20260415_135645Z,28.0,1680.0,10,20260415_153110_684bf8fb,2026-04-15T15:31:55.710803+00:00,True,,0.400785,2.459906,30.732262,11.131965,11,11,11,seg_google_us,split_google_us,video_us,gs://video_us/segment_split_sweep/20260415_135645Z/d1680s_t10/20260415_153110_684bf8fb/sb_measure_20260415_153110_684bf8fb_merged_trunc_1680s.mp4,gs://video_us/results/segment/sb_measure_20260415_153110_684bf8fb_merged_trunc_1680s/segment.json,/home/heng/segment_split_measurement/results/sweep_20260415_135645Z_json/20260415_153110_684bf8fb.json
20260415_135645Z,30.0,1800.0,1,20260415_153155_43300ec5,2026-04-15T15:32:46.916556+00:00,True,,0.430521,2.469185,35.707927,12.573004,11,11,11,seg_google_us,split_google_us,video_us,gs://video_us/segment_split_sweep/20260415_135645Z/d1800s_t1/20260415_153155_43300ec5/sb_measure_20260415_153155_43300ec5_merged_trunc_1800s.mp4,gs://video_us/results/segment/sb_measure_20260415_153155_43300ec5_merged_trunc_1800s/segment.json,/home/heng/segment_split_measurement/results/sweep_20260415_135645Z_json/20260415_153155_43300ec5.json
20260415_135645Z,30.0,1800.0,2,20260415_153246_2cf955fd,2026-04-15T15:33:55.040698+00:00,True,,0.422247,2.692833,52.96798,12.016575,11,11,11,seg_google_us,split_google_us,video_us,gs://video_us/segment_split_sweep/20260415_135645Z/d1800s_t2/20260415_153246_2cf955fd/sb_measure_20260415_153246_2cf955fd_merged_trunc_1800s.mp4,gs://video_us/results/segment/sb_measure_20260415_153246_2cf955fd_merged_trunc_1800s/segment.json,/home/heng/segment_split_measurement/results/sweep_20260415_135645Z_json/20260415_153246_2cf955fd.json
20260415_135645Z,30.0,1800.0,3,20260415_153355_745bdad3,2026-04-15T15:34:55.366954+00:00,True,,0.419657,2.974684,44.824341,12.082676,11,11,11,seg_google_us,split_google_us,video_us,gs://video_us/segment_split_sweep/20260415_135645Z/d1800s_t3/20260415_153355_745bdad3/sb_measure_20260415_153355_745bdad3_merged_trunc_1800s.mp4,gs://video_us/results/segment/sb_measure_20260415_153355_745bdad3_merged_trunc_1800s/segment.json,/home/heng/segment_split_measurement/results/sweep_20260415_135645Z_json/20260415_153355_745bdad3.json
20260415_135645Z,30.0,1800.0,4,20260415_153455_6f09c179,2026-04-15T15:36:03.675272+00:00,True,,0.42038,2.693767,53.054361,12.114438,11,11,11,seg_google_us,split_google_us,video_us,gs://video_us/segment_split_sweep/20260415_135645Z/d1800s_t4/20260415_153455_6f09c179/sb_measure_20260415_153455_6f09c179_merged_trunc_1800s.mp4,gs://video_us/results/segment/sb_measure_20260415_153455_6f09c179_merged_trunc_1800s/segment.json,/home/heng/segment_split_measurement/results/sweep_20260415_135645Z_json/20260415_153455_6f09c179.json
20260415_135645Z,30.0,1800.0,5,20260415_153603_41a19b3b,2026-04-15T15:37:16.712534+00:00,True,,0.422353,2.730635,57.236137,12.622955,11,11,11,seg_google_us,split_google_us,video_us,gs://video_us/segment_split_sweep/20260415_135645Z/d1800s_t5/20260415_153603_41a19b3b/sb_measure_20260415_153603_41a19b3b_merged_trunc_1800s.mp4,gs://video_us/results/segment/sb_measure_20260415_153603_41a19b3b_merged_trunc_1800s/segment.json,/home/heng/segment_split_measurement/results/sweep_20260415_135645Z_json/20260415_153603_41a19b3b.json
20260415_135645Z,30.0,1800.0,6,20260415_153716_a0f66866,2026-04-15T15:38:23.517077+00:00,True,,0.415043,2.781471,51.810131,11.773346,11,11,11,seg_google_us,split_google_us,video_us,gs://video_us/segment_split_sweep/20260415_135645Z/d1800s_t6/20260415_153716_a0f66866/sb_measure_20260415_153716_a0f66866_merged_trunc_1800s.mp4,gs://video_us/results/segment/sb_measure_20260415_153716_a0f66866_merged_trunc_1800s/segment.json,/home/heng/segment_split_measurement/results/sweep_20260415_135645Z_json/20260415_153716_a0f66866.json
20260415_135645Z,30.0,1800.0,7,20260415_153823_db7ee797,2026-04-15T15:39:15.477863+00:00,True,,0.422877,2.854978,36.920577,11.73639,11,11,11,seg_google_us,split_google_us,video_us,gs://video_us/segment_split_sweep/20260415_135645Z/d1800s_t7/20260415_153823_db7ee797/sb_measure_20260415_153823_db7ee797_merged_trunc_1800s.mp4,gs://video_us/results/segment/sb_measure_20260415_153823_db7ee797_merged_trunc_1800s/segment.json,/home/heng/segment_split_measurement/results/sweep_20260415_135645Z_json/20260415_153823_db7ee797.json
20260415_135645Z,30.0,1800.0,8,20260415_153915_effed187,2026-04-15T15:40:18.625837+00:00,True,,0.424201,2.986428,47.625308,12.087618,11,11,11,seg_google_us,split_google_us,video_us,gs://video_us/segment_split_sweep/20260415_135645Z/d1800s_t8/20260415_153915_effed187/sb_measure_20260415_153915_effed187_merged_trunc_1800s.mp4,gs://video_us/results/segment/sb_measure_20260415_153915_effed187_merged_trunc_1800s/segment.json,/home/heng/segment_split_measurement/results/sweep_20260415_135645Z_json/20260415_153915_effed187.json
20260415_135645Z,30.0,1800.0,9,20260415_154018_ef7b0eb6,2026-04-15T15:41:30.339169+00:00,True,,0.423667,2.261422,55.923958,13.079482,11,11,11,seg_google_us,split_google_us,video_us,gs://video_us/segment_split_sweep/20260415_135645Z/d1800s_t9/20260415_154018_ef7b0eb6/sb_measure_20260415_154018_ef7b0eb6_merged_trunc_1800s.mp4,gs://video_us/results/segment/sb_measure_20260415_154018_ef7b0eb6_merged_trunc_1800s/segment.json,/home/heng/segment_split_measurement/results/sweep_20260415_135645Z_json/20260415_154018_ef7b0eb6.json
20260415_135645Z,30.0,1800.0,10,20260415_154130_519c0d1d,2026-04-15T15:42:44.854207+00:00,True,,0.415091,2.667503,49.222829,22.184045,11,11,11,seg_google_us,split_google_us,video_us,gs://video_us/segment_split_sweep/20260415_135645Z/d1800s_t10/20260415_154130_519c0d1d/sb_measure_20260415_154130_519c0d1d_merged_trunc_1800s.mp4,gs://video_us/results/segment/sb_measure_20260415_154130_519c0d1d_merged_trunc_1800s/segment.json,/home/heng/segment_split_measurement/results/sweep_20260415_135645Z_json/20260415_154130_519c0d1d.json
