workflow,quality_level,query_count,calibration_scenarios_per_query,test_scenarios_per_query,calibration_scenario_count,test_scenario_count,method,status,reused_last_feasible,objective_value,expected_cost,avg_latency,p95_latency,p99_latency,violation_rate,solver_runtime_sec,wall_time_sec,max_rss_mb,num_iterations,active_scenario_count,active_scenario_fraction,assignment_signature,error,process_exitcode,budget_factor
workflow1,Q1,100,50,50,5000,5000,decomposition,OPTIMAL,False,0.7051418491843722,0.7049330599987701,53.97420026051048,86.46330936563633,95.18256213509336,0.0144,9.248592499876397,42.953218000009656,907.05859375,2,1250,0.25,"[[""Q/A"", ""q_a_anthropic_global_q1""], [""Shot Detection"", ""shot_detection_aliyun_cn-shanghai_q1""], [""Video Caption"", ""video_caption_anthropic_global_q1""], [""Video Split & Sample"", ""video_split_and_sample_aliyun_cn-shanghai_q1""]]",,0,1.1
workflow1,Q1,200,50,50,10000,10000,decomposition,OPTIMAL,False,0.709529487073105,0.7088325126499164,54.1737397049458,86.34593492624074,94.2803551941642,0.0131,20.968921699910425,73.228139200015,1329.5625,2,2500,0.25,"[[""Q/A"", ""q_a_anthropic_global_q1""], [""Shot Detection"", ""shot_detection_aliyun_cn-shanghai_q1""], [""Video Caption"", ""video_caption_aws_us-east-2_q1""], [""Video Split & Sample"", ""video_split_and_sample_aliyun_cn-shanghai_q1""]]",,0,1.1
workflow1,Q1,300,50,50,15000,15000,decomposition,OPTIMAL,False,0.7251253809591683,0.7244536847639456,54.80287953964366,86.82891717543664,94.5144376235022,0.0128666666666666,47.38466279988643,138.8849766999483,1754.046875,3,3186,0.2124,"[[""Q/A"", ""q_a_anthropic_global_q1""], [""Shot Detection"", ""shot_detection_aliyun_cn-shanghai_q1""], [""Video Caption"", ""video_caption_aws_us-east-2_q1""], [""Video Split & Sample"", ""video_split_and_sample_aliyun_cn-shanghai_q1""]]",,0,1.1
workflow1,Q1,400,50,50,20000,20000,decomposition,OPTIMAL,False,0.7360441131277088,0.735457516273182,55.22286767036873,86.90436254275737,94.73841564066984,0.0124,77.57230250001885,218.99474349990487,2184.38671875,3,4252,0.2126,"[[""Q/A"", ""q_a_aws_eu-central-1_q1""], [""Shot Detection"", ""shot_detection_aliyun_cn-shanghai_q1""], [""Video Caption"", ""video_caption_aws_eu-central-1_q1""], [""Video Split & Sample"", ""video_split_and_sample_aliyun_cn-shanghai_q1""]]",,0,1.1
workflow1,Q1,500,50,50,25000,25000,decomposition,OPTIMAL,False,0.7493837764142637,0.748762309060191,55.92140789621539,87.78342313263526,96.10049366212903,0.0152,90.97184789995663,242.32756969996262,2612.01171875,3,5313,0.21252,"[[""Q/A"", ""q_a_anthropic_global_q1""], [""Shot Detection"", ""shot_detection_aliyun_cn-shanghai_q1""], [""Video Caption"", ""video_caption_anthropic_global_q1""], [""Video Split & Sample"", ""video_split_and_sample_aliyun_cn-shanghai_q1""]]",,0,1.1
workflow1,Q1,600,50,50,30000,30000,decomposition,OPTIMAL,False,0.7377036080859537,0.7371803459684452,55.340746724963054,86.70703756770139,94.84855771528898,0.013033333333333333,111.85303809994366,311.05148949997965,3039.63671875,3,6354,0.2118,"[[""Q/A"", ""q_a_aws_ap-southeast-1_q1""], [""Shot Detection"", ""shot_detection_aliyun_cn-shanghai_q1""], [""Video Caption"", ""video_caption_aws_ap-southeast-1_q1""], [""Video Split & Sample"", ""video_split_and_sample_aliyun_cn-shanghai_q1""]]",,0,1.1
workflow1,Q1,700,50,50,35000,35000,decomposition,OPTIMAL,False,0.7435621676248345,0.7430968194985742,56.07930828543999,87.91432877409451,96.53135439053898,0.018971428571428573,193.51475179987028,491.94090990000404,3462.1640625,4,7469,0.2134,"[[""Q/A"", ""q_a_anthropic_global_q1""], [""Shot Detection"", ""shot_detection_aliyun_cn-shanghai_q1""], [""Video Caption"", ""video_caption_azure_eastus_q1""], [""Video Split & Sample"", ""video_split_and_sample_aliyun_cn-shanghai_q1""]]",,0,1.1
workflow1,Q1,800,50,50,40000,40000,decomposition,OPTIMAL,False,0.7433286876795603,0.7430283367212682,55.45129646094454,87.09678595142023,95.14314558308736,0.012325,166.89621230005287,387.97441849997267,3891.02734375,3,8507,0.212675,"[[""Q/A"", ""q_a_anthropic_global_q1""], [""Shot Detection"", ""shot_detection_aliyun_cn-shanghai_q1""], [""Video Caption"", ""video_caption_aws_ap-southeast-1_q1""], [""Video Split & Sample"", ""video_split_and_sample_aliyun_cn-shanghai_q1""]]",,0,1.1
workflow1,Q1,900,50,50,45000,45000,decomposition,OPTIMAL,False,0.7452920068609347,0.7449204433281776,55.76169236467392,87.220865981335,95.44292651188408,0.013133333333333334,286.3058405999327,680.4367828000104,4309.23828125,5,9630,0.214,"[[""Q/A"", ""q_a_aws_ap-southeast-1_q1""], [""Shot Detection"", ""shot_detection_aliyun_cn-shanghai_q1""], [""Video Caption"", ""video_caption_aws_us-east-2_q1""], [""Video Split & Sample"", ""video_split_and_sample_aliyun_cn-shanghai_q1""]]",,0,1.1
workflow1,Q1,1000,50,50,50000,50000,decomposition,OPTIMAL,False,0.7465333744197848,0.7460937945738436,55.82683738338813,87.2092897651088,95.45845891661602,0.01328,187.20452969986945,459.05255879997276,4753.546875,3,10639,0.21278,"[[""Q/A"", ""q_a_aws_ap-southeast-1_q1""], [""Shot Detection"", ""shot_detection_aliyun_cn-shanghai_q1""], [""Video Caption"", ""video_caption_aws_us-east-2_q1""], [""Video Split & Sample"", ""video_split_and_sample_aliyun_cn-shanghai_q1""]]",,0,1.1
workflow1,Q2,100,50,50,5000,5000,decomposition,INFEASIBLE_REUSED_LAST_FEASIBLE,True,inf,2.649729125067191,85.3226501464502,170.73337064309632,250.06239450181573,0.077,5.249035800108686,36.95783189998474,881.33984375,2,1250,0.25,"[[""Q/A"", ""q_a_anthropic_global_q2""], [""Shot Detection"", ""shot_detection_aliyun_cn-shanghai_q2""], [""Video Caption"", ""video_caption_aws_ap-southeast-1_q2""], [""Video Split & Sample"", ""video_split_and_sample_aliyun_cn-shanghai_q2""]]",,0,1.1
workflow1,Q2,200,50,50,10000,10000,decomposition,INFEASIBLE_REUSED_LAST_FEASIBLE,True,inf,2.593923836993263,84.2479761849268,170.95051525330945,249.14991952158016,0.0809,16.432440999895334,75.8819960000692,1275.796875,2,2500,0.25,"[[""Q/A"", ""q_a_anthropic_global_q2""], [""Shot Detection"", ""shot_detection_aliyun_cn-shanghai_q2""], [""Video Caption"", ""video_caption_aws_ap-southeast-1_q2""], [""Video Split & Sample"", ""video_split_and_sample_aliyun_cn-shanghai_q2""]]",,0,1.1
workflow1,Q2,300,50,50,15000,15000,decomposition,INFEASIBLE_REUSED_LAST_FEASIBLE,True,inf,2.4899672895544365,81.5883746602355,166.75149631394586,243.58745479574404,0.0836,18.393934300052933,83.2221392999636,1671.01953125,2,3750,0.25,"[[""Q/A"", ""q_a_anthropic_global_q2""], [""Shot Detection"", ""shot_detection_aliyun_cn-shanghai_q2""], [""Video Caption"", ""video_caption_aws_ap-southeast-1_q2""], [""Video Split & Sample"", ""video_split_and_sample_aliyun_cn-shanghai_q2""]]",,0,1.1
workflow1,Q2,400,50,50,20000,20000,decomposition,INFEASIBLE_REUSED_LAST_FEASIBLE,True,inf,2.498195894374513,81.84298833293795,167.1208530958519,247.13666507833418,0.08295,32.38354609988164,111.78624720009975,2067.0546875,2,5000,0.25,"[[""Q/A"", ""q_a_anthropic_global_q2""], [""Shot Detection"", ""shot_detection_aliyun_cn-shanghai_q2""], [""Video Caption"", ""video_caption_aws_ap-southeast-1_q2""], [""Video Split & Sample"", ""video_split_and_sample_aliyun_cn-shanghai_q2""]]",,0,1.1
workflow1,Q2,500,50,50,25000,25000,decomposition,INFEASIBLE_REUSED_LAST_FEASIBLE,True,inf,2.505034888884203,81.89127971018819,167.00878577477047,245.49593791047673,0.08204,51.35063220001757,155.06610019993968,2454.19921875,2,6250,0.25,"[[""Q/A"", ""q_a_anthropic_global_q2""], [""Shot Detection"", ""shot_detection_aliyun_cn-shanghai_q2""], [""Video Caption"", ""video_caption_aws_ap-southeast-1_q2""], [""Video Split & Sample"", ""video_split_and_sample_aliyun_cn-shanghai_q2""]]",,0,1.1
workflow1,Q2,600,50,50,30000,30000,decomposition,INFEASIBLE_REUSED_LAST_FEASIBLE,True,inf,2.4739646977285146,81.19970869880902,166.75149631394586,246.85636743953776,0.08283333333333333,54.91410370008089,160.51861480006482,2845.23046875,2,7500,0.25,"[[""Q/A"", ""q_a_anthropic_global_q2""], [""Shot Detection"", ""shot_detection_aliyun_cn-shanghai_q2""], [""Video Caption"", ""video_caption_aws_ap-southeast-1_q2""], [""Video Split & Sample"", ""video_split_and_sample_aliyun_cn-shanghai_q2""]]",,0,1.1
workflow1,Q2,700,50,50,35000,35000,decomposition,INFEASIBLE_REUSED_LAST_FEASIBLE,True,inf,2.454110204647951,80.65094408770656,164.93663023214162,244.0231770126098,0.08394285714285714,53.307502100011334,198.08123510004953,3237.39453125,2,8750,0.25,"[[""Q/A"", ""q_a_anthropic_global_q2""], [""Shot Detection"", ""shot_detection_aliyun_cn-shanghai_q2""], [""Video Caption"", ""video_caption_aws_ap-southeast-1_q2""], [""Video Split & Sample"", ""video_split_and_sample_aliyun_cn-shanghai_q2""]]",,0,1.1
workflow1,Q2,800,50,50,40000,40000,decomposition,INFEASIBLE_REUSED_LAST_FEASIBLE,True,inf,2.449850130151995,80.55438752632996,164.78664516676875,243.56277027635437,0.083525,74.33709679997992,201.34179939993192,3628.98828125,2,10000,0.25,"[[""Q/A"", ""q_a_anthropic_global_q2""], [""Shot Detection"", ""shot_detection_aliyun_cn-shanghai_q2""], [""Video Caption"", ""video_caption_aws_ap-southeast-1_q2""], [""Video Split & Sample"", ""video_split_and_sample_aliyun_cn-shanghai_q2""]]",,0,1.1
workflow1,Q2,900,50,50,45000,45000,decomposition,INFEASIBLE_REUSED_LAST_FEASIBLE,True,inf,2.482936483001826,81.26438648788928,165.6296633705613,243.74668242468306,0.08471111111111111,85.0957827999955,264.6742915000068,4019.24609375,2,11250,0.25,"[[""Q/A"", ""q_a_anthropic_global_q2""], [""Shot Detection"", ""shot_detection_aliyun_cn-shanghai_q2""], [""Video Caption"", ""video_caption_aws_ap-southeast-1_q2""], [""Video Split & Sample"", ""video_split_and_sample_aliyun_cn-shanghai_q2""]]",,0,1.1
workflow1,Q2,1000,50,50,50000,50000,decomposition,INFEASIBLE_REUSED_LAST_FEASIBLE,True,inf,2.500564958029303,81.73693755154312,166.1752967214551,245.22752556776413,0.08418,129.7907010000199,324.85602409997955,4409.1328125,2,12500,0.25,"[[""Q/A"", ""q_a_anthropic_global_q2""], [""Shot Detection"", ""shot_detection_aliyun_cn-shanghai_q2""], [""Video Caption"", ""video_caption_aws_ap-southeast-1_q2""], [""Video Split & Sample"", ""video_split_and_sample_aliyun_cn-shanghai_q2""]]",,0,1.1
workflow1,Q3,100,50,50,5000,5000,decomposition,INFEASIBLE_REUSED_LAST_FEASIBLE,True,inf,6.818779867603676,177.78864925057363,502.24983357421274,929.7753916630934,0.0928,6.036251500016078,40.300393100013025,887.0078125,2,1250,0.25,"[[""Q/A"", ""q_a_aws_ap-southeast-1_q3""], [""Shot Detection"", ""shot_detection_aliyun_cn-shanghai_q3""], [""Video Caption"", ""video_caption_aws_ap-southeast-1_q3""], [""Video Split & Sample"", ""video_split_and_sample_aliyun_cn-shanghai_q3""]]",,0,1.1
workflow1,Q3,200,50,50,10000,10000,decomposition,INFEASIBLE_REUSED_LAST_FEASIBLE,True,inf,6.9566671671667875,190.92551404595676,533.2477215113659,989.2551908014163,0.112,13.289766100002453,63.28904639999382,1281.91015625,2,2500,0.25,"[[""Q/A"", ""q_a_azure_eastus_q3""], [""Shot Detection"", ""shot_detection_aliyun_cn-shanghai_q3""], [""Video Caption"", ""video_caption_azure_eastus_q3""], [""Video Split & Sample"", ""video_split_and_sample_aliyun_cn-shanghai_q3""]]",,0,1.1
workflow1,Q3,300,50,50,15000,15000,decomposition,INFEASIBLE_REUSED_LAST_FEASIBLE,True,inf,7.076061401941862,182.6342452433875,503.49675965016996,924.8794648590207,0.09213333333333333,19.813679500017315,83.67837650002912,1662.9140625,2,3750,0.25,"[[""Q/A"", ""q_a_aws_eu-central-1_q3""], [""Shot Detection"", ""shot_detection_aliyun_cn-shanghai_q3""], [""Video Caption"", ""video_caption_aws_eu-central-1_q3""], [""Video Split & Sample"", ""video_split_and_sample_aliyun_cn-shanghai_q3""]]",,0,1.1
workflow1,Q3,400,50,50,20000,20000,decomposition,INFEASIBLE_REUSED_LAST_FEASIBLE,True,inf,7.006848996798284,181.21504639254323,499.30113393488904,920.2270743449086,0.0922,27.142497700056992,100.80528149998281,2062.30859375,2,5000,0.25,"[[""Q/A"", ""q_a_aws_eu-central-1_q3""], [""Shot Detection"", ""shot_detection_aliyun_cn-shanghai_q3""], [""Video Caption"", ""video_caption_aws_eu-central-1_q3""], [""Video Split & Sample"", ""video_split_and_sample_aliyun_cn-shanghai_q3""]]",,0,1.1
workflow1,Q3,500,50,50,25000,25000,decomposition,INFEASIBLE_REUSED_LAST_FEASIBLE,True,inf,7.03774212517053,181.62762787447375,502.1327838777329,915.6889915017929,0.09272,46.97414249996655,131.21431920002215,2461.64453125,2,6250,0.25,"[[""Q/A"", ""q_a_aws_eu-central-1_q3""], [""Shot Detection"", ""shot_detection_aliyun_cn-shanghai_q3""], [""Video Caption"", ""video_caption_aws_eu-central-1_q3""], [""Video Split & Sample"", ""video_split_and_sample_aliyun_cn-shanghai_q3""]]",,0,1.1
workflow1,Q3,600,50,50,30000,30000,decomposition,INFEASIBLE_REUSED_LAST_FEASIBLE,True,inf,6.898481043637637,177.9334471315415,496.0332325171961,900.6125256167746,0.09336666666666667,60.8813110999763,148.32334070000798,2859.2578125,2,7500,0.25,"[[""Q/A"", ""q_a_aws_us-east-2_q3""], [""Shot Detection"", ""shot_detection_aliyun_cn-shanghai_q3""], [""Video Caption"", ""video_caption_aws_us-east-2_q3""], [""Video Split & Sample"", ""video_split_and_sample_aliyun_cn-shanghai_q3""]]",,0,1.1
workflow1,Q3,700,50,50,35000,35000,decomposition,INFEASIBLE_REUSED_LAST_FEASIBLE,True,inf,6.954645238568537,179.27625171064497,499.40878983180664,912.1239160658063,0.09245714285714286,55.30055139993783,174.70850329997484,3247.39453125,2,8750,0.25,"[[""Q/A"", ""q_a_aws_us-east-2_q3""], [""Shot Detection"", ""shot_detection_aliyun_cn-shanghai_q3""], [""Video Caption"", ""video_caption_aws_us-east-2_q3""], [""Video Split & Sample"", ""video_split_and_sample_aliyun_cn-shanghai_q3""]]",,0,1.1
workflow1,Q3,800,50,50,40000,40000,decomposition,INFEASIBLE_REUSED_LAST_FEASIBLE,True,inf,7.058055202634206,181.80330761895263,505.07994814540234,922.8412450053643,0.09305,123.08772189996671,259.266208200017,3636.515625,2,10000,0.25,"[[""Q/A"", ""q_a_aws_ap-southeast-1_q3""], [""Shot Detection"", ""shot_detection_aliyun_cn-shanghai_q3""], [""Video Caption"", ""video_caption_aws_ap-southeast-1_q3""], [""Video Split & Sample"", ""video_split_and_sample_aliyun_cn-shanghai_q3""]]",,0,1.1
workflow1,Q3,900,50,50,45000,45000,decomposition,INFEASIBLE_REUSED_LAST_FEASIBLE,True,inf,7.026173786861672,181.14256052677297,504.72264945997597,914.5840576434099,0.09273333333333333,64.48849849996623,197.2242680999916,4016.23828125,2,11250,0.25,"[[""Q/A"", ""q_a_aws_ap-southeast-1_q3""], [""Shot Detection"", ""shot_detection_aliyun_cn-shanghai_q3""], [""Video Caption"", ""video_caption_aws_ap-southeast-1_q3""], [""Video Split & Sample"", ""video_split_and_sample_aliyun_cn-shanghai_q3""]]",,0,1.1
workflow1,Q3,1000,50,50,50000,50000,decomposition,INFEASIBLE_REUSED_LAST_FEASIBLE,True,inf,7.039372338256765,181.5937484405711,505.6431839496063,917.9993294184172,0.09256,193.1161390999332,336.22878800006583,4434.55078125,2,12500,0.25,"[[""Q/A"", ""q_a_aws_us-east-2_q3""], [""Shot Detection"", ""shot_detection_aliyun_cn-shanghai_q3""], [""Video Caption"", ""video_caption_aws_us-east-2_q3""], [""Video Split & Sample"", ""video_split_and_sample_aliyun_cn-shanghai_q3""]]",,0,1.1
workflow2,Q1,100,50,50,5000,5000,decomposition,INFEASIBLE_REUSED_LAST_FEASIBLE,True,inf,2.171024927214474,67.86374223648559,105.9791257084574,128.6189194998696,0.0348,96.67082709993701,213.55086519999895,2209.6953125,3,1431,0.2862,"[[""Database"", ""database_aliyun_cn-shanghai_q1""], [""Label Detection"", ""label_detection_aliyun_cn-shanghai_q1""], [""OCR"", ""ocr_azure_eastus_q1""], [""Q/A"", ""q_a_aws_eu-central-1_q1""], [""Shot Detection"", ""shot_detection_aliyun_cn-shanghai_q1""], [""Speech Transcription"", ""speech_transcription_aliyun_cn-shanghai_q1""], [""Video Caption"", ""video_caption_aws_us-east-2_q1""], [""Video Split & Sample"", ""video_split_and_sample_aliyun_cn-shanghai_q1""]]",,0,1.1
workflow2,Q1,200,50,50,10000,10000,decomposition,INFEASIBLE_REUSED_LAST_FEASIBLE,True,inf,2.1283042212025785,66.04514887821436,104.25563315541969,126.20101681649774,0.0353,184.44270699995104,407.7294624999631,3933.02734375,3,2816,0.2816,"[[""Database"", ""database_aliyun_cn-shanghai_q1""], [""Label Detection"", ""label_detection_aliyun_cn-shanghai_q1""], [""OCR"", ""ocr_azure_eastus_q1""], [""Q/A"", ""q_a_aws_eu-central-1_q1""], [""Shot Detection"", ""shot_detection_aliyun_cn-shanghai_q1""], [""Speech Transcription"", ""speech_transcription_aliyun_cn-shanghai_q1""], [""Video Caption"", ""video_caption_aws_ap-southeast-1_q1""], [""Video Split & Sample"", ""video_split_and_sample_aliyun_cn-shanghai_q1""]]",,0,1.1
workflow2,Q1,300,50,50,15000,15000,decomposition,INFEASIBLE_REUSED_LAST_FEASIBLE,True,inf,2.113741902558328,66.83595670191343,108.2987146642496,133.68237533431898,0.049133333333333334,269.9070179000264,586.4494992000982,5666.7890625,3,4265,0.2843333333333333,"[[""Database"", ""database_aliyun_cn-shanghai_q1""], [""Label Detection"", ""label_detection_aliyun_cn-shanghai_q1""], [""OCR"", ""ocr_aws_ap-southeast-1_q1""], [""Q/A"", ""q_a_anthropic_global_q1""], [""Shot Detection"", ""shot_detection_aliyun_cn-shanghai_q1""], [""Speech Transcription"", ""speech_transcription_aliyun_cn-shanghai_q1""], [""Video Caption"", ""video_caption_aws_ap-southeast-1_q1""], [""Video Split & Sample"", ""video_split_and_sample_aliyun_cn-shanghai_q1""]]",,0,1.1
workflow2,Q1,400,50,50,20000,20000,decomposition,INFEASIBLE_REUSED_LAST_FEASIBLE,True,inf,2.1091580668158145,65.23059228827098,104.8353338816397,126.6201971679424,0.03915,395.9020793000236,832.6301395000191,7355.3125,3,5654,0.2827,"[[""Database"", ""database_aliyun_cn-shanghai_q1""], [""Label Detection"", ""label_detection_aliyun_cn-shanghai_q1""], [""OCR"", ""ocr_azure_eastus_q1""], [""Q/A"", ""q_a_aws_eu-central-1_q1""], [""Shot Detection"", ""shot_detection_aliyun_cn-shanghai_q1""], [""Speech Transcription"", ""speech_transcription_aliyun_cn-shanghai_q1""], [""Video Caption"", ""video_caption_aws_ap-southeast-1_q1""], [""Video Split & Sample"", ""video_split_and_sample_aliyun_cn-shanghai_q1""]]",,0,1.1
workflow2,Q1,500,50,50,25000,25000,decomposition,INFEASIBLE_REUSED_LAST_FEASIBLE,True,inf,2.0977087484467645,64.744263727415,104.71597017752067,126.94670860938788,0.03924,532.6006457998883,1079.9504749999614,9124.0078125,3,7482,0.29928,"[[""Database"", ""database_aliyun_cn-shanghai_q1""], [""Label Detection"", ""label_detection_aliyun_cn-shanghai_q1""], [""OCR"", ""ocr_aws_eu-central-1_q1""], [""Q/A"", ""q_a_aws_eu-central-1_q1""], [""Shot Detection"", ""shot_detection_aliyun_cn-shanghai_q1""], [""Speech Transcription"", ""speech_transcription_aliyun_cn-shanghai_q1""], [""Video Caption"", ""video_caption_aws_ap-southeast-1_q1""], [""Video Split & Sample"", ""video_split_and_sample_aliyun_cn-shanghai_q1""]]",,0,1.1
workflow2,Q1,600,50,50,30000,30000,decomposition,INFEASIBLE_REUSED_LAST_FEASIBLE,True,inf,2.090336614896253,64.48722174599452,104.75623113194777,127.41531186542512,0.03916666666666667,718.9910648999503,1370.8943200999638,10808.13671875,3,8393,0.27976666666666666,"[[""Database"", ""database_aliyun_cn-shanghai_q1""], [""Label Detection"", ""label_detection_aliyun_cn-shanghai_q1""], [""OCR"", ""ocr_azure_eastus_q1""], [""Q/A"", ""q_a_aws_us-east-2_q1""], [""Shot Detection"", ""shot_detection_aliyun_cn-shanghai_q1""], [""Speech Transcription"", ""speech_transcription_aliyun_cn-shanghai_q1""], [""Video Caption"", ""video_caption_aws_eu-central-1_q1""], [""Video Split & Sample"", ""video_split_and_sample_aliyun_cn-shanghai_q1""]]",,0,1.1
workflow2,Q1,700,50,50,35000,35000,decomposition,INFEASIBLE_REUSED_LAST_FEASIBLE,True,inf,2.0873841759761755,64.32253848480214,104.43018689837476,126.96184606275426,0.04011428571428571,767.9900864999508,1528.1921819999116,12500.72265625,3,9926,0.2836,"[[""Database"", ""database_aliyun_cn-shanghai_q1""], [""Label Detection"", ""label_detection_aliyun_cn-shanghai_q1""], [""OCR"", ""ocr_azure_eastus_q1""], [""Q/A"", ""q_a_aws_eu-central-1_q1""], [""Shot Detection"", ""shot_detection_aliyun_cn-shanghai_q1""], [""Speech Transcription"", ""speech_transcription_aliyun_cn-shanghai_q1""], [""Video Caption"", ""video_caption_aws_ap-southeast-1_q1""], [""Video Split & Sample"", ""video_split_and_sample_aliyun_cn-shanghai_q1""]]",,0,1.1
workflow2,Q1,800,50,50,40000,40000,decomposition,INFEASIBLE_REUSED_LAST_FEASIBLE,True,inf,2.0883174891095533,64.89288726034538,105.62911441000263,128.14933557026552,0.043475,880.4357811999507,1734.4771692999639,14151.859375,3,12000,0.3,"[[""Database"", ""database_aliyun_cn-shanghai_q1""], [""Label Detection"", ""label_detection_aliyun_cn-shanghai_q1""], [""OCR"", ""ocr_aws_us-east-2_q1""], [""Q/A"", ""q_a_aws_eu-central-1_q1""], [""Shot Detection"", ""shot_detection_aliyun_cn-shanghai_q1""], [""Speech Transcription"", ""speech_transcription_aliyun_cn-shanghai_q1""], [""Video Caption"", ""video_caption_azure_eastus_q1""], [""Video Split & Sample"", ""video_split_and_sample_aliyun_cn-shanghai_q1""]]",,0,1.1
workflow2,Q1,900,50,50,45000,45000,decomposition,INFEASIBLE_REUSED_LAST_FEASIBLE,True,inf,2.0898828949766353,64.50027489058901,104.44048368768875,126.86940202762912,0.041155555555555556,895.1574452000204,1690.8120188000612,15950.6484375,3,12838,0.28528888888888887,"[[""Database"", ""database_aliyun_cn-shanghai_q1""], [""Label Detection"", ""label_detection_aliyun_cn-shanghai_q1""], [""OCR"", ""ocr_azure_eastus_q1""], [""Q/A"", ""q_a_aws_eu-central-1_q1""], [""Shot Detection"", ""shot_detection_aliyun_cn-shanghai_q1""], [""Speech Transcription"", ""speech_transcription_aliyun_cn-shanghai_q1""], [""Video Caption"", ""video_caption_aws_us-east-2_q1""], [""Video Split & Sample"", ""video_split_and_sample_aliyun_cn-shanghai_q1""]]",,0,1.1
workflow2,Q1,1000,50,50,50000,50000,decomposition,INFEASIBLE_REUSED_LAST_FEASIBLE,True,inf,2.092371770563609,64.52322983674084,104.21112872908516,126.77707116122538,0.04012,1043.2275514998473,1993.5440811000299,17562.9609375,3,14272,0.28544,"[[""Database"", ""database_aliyun_cn-shanghai_q1""], [""Label Detection"", ""label_detection_aliyun_cn-shanghai_q1""], [""OCR"", ""ocr_azure_eastus_q1""], [""Q/A"", ""q_a_aws_eu-central-1_q1""], [""Shot Detection"", ""shot_detection_aliyun_cn-shanghai_q1""], [""Speech Transcription"", ""speech_transcription_aliyun_cn-shanghai_q1""], [""Video Caption"", ""video_caption_aws_us-west-2_q1""], [""Video Split & Sample"", ""video_split_and_sample_aliyun_cn-shanghai_q1""]]",,0,1.1
workflow2,Q2,100,50,50,5000,5000,decomposition,OPTIMAL,False,3.895954805013236,3.901213671621532,121.39973198307455,263.78248498219983,407.7515672919446,0.0,29.885419399943203,83.97601980005857,1439.75,1,1000,0.2,"[[""Database"", ""database_aliyun_cn-beijing_q2""], [""Label Detection"", ""label_detection_aliyun_cn-shanghai_q2""], [""OCR"", ""ocr_aws_ap-southeast-1_q2""], [""Q/A"", ""q_a_anthropic_global_q2""], [""Shot Detection"", ""shot_detection_aliyun_cn-shanghai_q2""], [""Speech Transcription"", ""speech_transcription_aliyun_cn-beijing_q2""], [""Video Caption"", ""video_caption_aws_ap-southeast-1_q2""], [""Video Split & Sample"", ""video_split_and_sample_aliyun_cn-shanghai_q2""]]",,0,1.1
workflow2,Q2,200,50,50,10000,10000,decomposition,OPTIMAL,False,3.88511313356805,3.8911401591746464,120.69283196225474,261.5128290613125,404.762524373798,0.0,73.13190379994921,166.7643240999896,2474.2421875,1,2000,0.2,"[[""Database"", ""database_aliyun_cn-beijing_q2""], [""Label Detection"", ""label_detection_aliyun_cn-shanghai_q2""], [""OCR"", ""ocr_aws_ap-southeast-1_q2""], [""Q/A"", ""q_a_anthropic_global_q2""], [""Shot Detection"", ""shot_detection_aliyun_cn-shanghai_q2""], [""Speech Transcription"", ""speech_transcription_aliyun_cn-beijing_q2""], [""Video Caption"", ""video_caption_aws_ap-southeast-1_q2""], [""Video Split & Sample"", ""video_split_and_sample_aliyun_cn-shanghai_q2""]]",,0,1.1
workflow2,Q2,300,50,50,15000,15000,decomposition,OPTIMAL,False,3.873037693795005,3.8749803434513774,118.86165869818022,253.62901639260113,389.27559447430264,0.0,114.0429007000057,252.74072590004653,3545.11328125,1,3000,0.2,"[[""Database"", ""database_aliyun_cn-shanghai_q2""], [""Label Detection"", ""label_detection_aliyun_cn-shanghai_q2""], [""OCR"", ""ocr_azure_eastus_q2""], [""Q/A"", ""q_a_aws_us-east-2_q2""], [""Shot Detection"", ""shot_detection_aliyun_cn-shanghai_q2""], [""Speech Transcription"", ""speech_transcription_aliyun_cn-shanghai_q2""], [""Video Caption"", ""video_caption_azure_eastus_q2""], [""Video Split & Sample"", ""video_split_and_sample_aliyun_cn-shanghai_q2""]]",,0,1.1
workflow2,Q2,400,50,50,20000,20000,decomposition,OPTIMAL,False,3.805378235429953,3.805766859868544,110.09921051225366,236.14882345744618,352.8455475662554,0.0,156.7518359000096,332.6622670000652,4605.30859375,1,4000,0.2,"[[""Database"", ""database_aliyun_cn-shanghai_q2""], [""Label Detection"", ""label_detection_aliyun_cn-shanghai_q2""], [""OCR"", ""ocr_aws_ap-southeast-1_q2""], [""Q/A"", ""q_a_aws_us-east-2_q2""], [""Shot Detection"", ""shot_detection_aliyun_cn-shanghai_q2""], [""Speech Transcription"", ""speech_transcription_aliyun_cn-shanghai_q2""], [""Video Caption"", ""video_caption_aws_eu-central-1_q2""], [""Video Split & Sample"", ""video_split_and_sample_aliyun_cn-shanghai_q2""]]",,0,1.1
workflow2,Q2,500,50,50,25000,25000,decomposition,OPTIMAL,False,3.857144412031076,3.8593658669829995,111.88368303827097,237.44584564572142,358.6233950851253,0.0,203.67205350007862,419.04394809994847,5669.25390625,1,5000,0.2,"[[""Database"", ""database_aliyun_cn-shanghai_q2""], [""Label Detection"", ""label_detection_aliyun_cn-shanghai_q2""], [""OCR"", ""ocr_aws_ap-southeast-1_q2""], [""Q/A"", ""q_a_aws_us-east-2_q2""], [""Shot Detection"", ""shot_detection_aliyun_cn-shanghai_q2""], [""Speech Transcription"", ""speech_transcription_aliyun_cn-shanghai_q2""], [""Video Caption"", ""video_caption_aws_eu-central-1_q2""], [""Video Split & Sample"", ""video_split_and_sample_aliyun_cn-shanghai_q2""]]",,0,1.1
workflow2,Q2,600,50,50,30000,30000,decomposition,OPTIMAL,False,3.8403634394985717,3.8425211471126275,123.8896245760449,271.72446908810116,415.1306617417679,3.3333333333333335e-05,215.98536559997592,476.83155949995853,6732.0234375,1,6000,0.2,"[[""Database"", ""database_aliyun_cn-shanghai_q2""], [""Label Detection"", ""label_detection_aliyun_cn-shanghai_q2""], [""OCR"", ""ocr_aws_eu-central-1_q2""], [""Q/A"", ""q_a_anthropic_global_q2""], [""Shot Detection"", ""shot_detection_aliyun_cn-shanghai_q2""], [""Speech Transcription"", ""speech_transcription_aliyun_cn-shanghai_q2""], [""Video Caption"", ""video_caption_azure_eastus_q2""], [""Video Split & Sample"", ""video_split_and_sample_aliyun_cn-shanghai_q2""]]",,0,1.1
workflow2,Q2,700,50,50,35000,35000,decomposition,OPTIMAL,False,3.8529310076371686,3.854110637172794,124.32664403452198,273.9287624477916,418.2669083202062,2.857142857142857e-05,262.26300669997,559.9937039000215,7792.09765625,1,7000,0.2,"[[""Database"", ""database_aliyun_cn-shanghai_q2""], [""Label Detection"", ""label_detection_aliyun_cn-shanghai_q2""], [""OCR"", ""ocr_aws_eu-central-1_q2""], [""Q/A"", ""q_a_anthropic_global_q2""], [""Shot Detection"", ""shot_detection_aliyun_cn-shanghai_q2""], [""Speech Transcription"", ""speech_transcription_aliyun_cn-shanghai_q2""], [""Video Caption"", ""video_caption_azure_eastus_q2""], [""Video Split & Sample"", ""video_split_and_sample_aliyun_cn-shanghai_q2""]]",,0,1.1
workflow2,Q2,800,50,50,40000,40000,decomposition,OPTIMAL,False,3.833939569372406,3.8342546518116825,123.46119355905601,272.1367758695655,414.5670536878859,2.5e-05,314.48926479998045,660.443994399975,8853.46484375,1,8000,0.2,"[[""Database"", ""database_aliyun_cn-shanghai_q2""], [""Label Detection"", ""label_detection_aliyun_cn-shanghai_q2""], [""OCR"", ""ocr_aws_eu-central-1_q2""], [""Q/A"", ""q_a_anthropic_global_q2""], [""Shot Detection"", ""shot_detection_aliyun_cn-shanghai_q2""], [""Speech Transcription"", ""speech_transcription_aliyun_cn-shanghai_q2""], [""Video Caption"", ""video_caption_azure_eastus_q2""], [""Video Split & Sample"", ""video_split_and_sample_aliyun_cn-shanghai_q2""]]",,0,1.1
workflow2,Q2,900,50,50,45000,45000,decomposition,OPTIMAL,False,3.832353920519098,3.832742598736688,123.30031287448861,271.3035890566167,414.1960706432914,2.2222222222222223e-05,371.137240299955,757.2124126999406,9917.578125,1,9000,0.2,"[[""Database"", ""database_aliyun_cn-shanghai_q2""], [""Label Detection"", ""label_detection_aliyun_cn-shanghai_q2""], [""OCR"", ""ocr_aws_eu-central-1_q2""], [""Q/A"", ""q_a_anthropic_global_q2""], [""Shot Detection"", ""shot_detection_aliyun_cn-shanghai_q2""], [""Speech Transcription"", ""speech_transcription_aliyun_cn-shanghai_q2""], [""Video Caption"", ""video_caption_azure_eastus_q2""], [""Video Split & Sample"", ""video_split_and_sample_aliyun_cn-shanghai_q2""]]",,0,1.1
workflow2,Q2,1000,50,50,50000,50000,decomposition,OPTIMAL,False,3.8360902900328986,3.8366771347930726,123.29426700485101,271.12274414791733,413.7367678281795,2e-05,386.19794280000497,805.4378276999341,10978.55078125,1,10000,0.2,"[[""Database"", ""database_aliyun_cn-shanghai_q2""], [""Label Detection"", ""label_detection_aliyun_cn-shanghai_q2""], [""OCR"", ""ocr_aws_eu-central-1_q2""], [""Q/A"", ""q_a_anthropic_global_q2""], [""Shot Detection"", ""shot_detection_aliyun_cn-shanghai_q2""], [""Speech Transcription"", ""speech_transcription_aliyun_cn-shanghai_q2""], [""Video Caption"", ""video_caption_azure_eastus_q2""], [""Video Split & Sample"", ""video_split_and_sample_aliyun_cn-shanghai_q2""]]",,0,1.1
workflow2,Q3,100,50,50,5000,5000,decomposition,OPTIMAL,False,9.147012871287117,9.120409450009838,239.74580765390348,638.940577885016,1054.8558657359897,0.0066,165.46609659993555,344.3900423999876,2193.8828125,4,1037,0.2074,"[[""Database"", ""database_aliyun_cn-beijing_q3""], [""Label Detection"", ""label_detection_aliyun_cn-shanghai_q3""], [""OCR"", ""ocr_aws_ap-southeast-1_q3""], [""Q/A"", ""q_a_anthropic_global_q3""], [""Shot Detection"", ""shot_detection_aliyun_cn-shanghai_q3""], [""Speech Transcription"", ""speech_transcription_aliyun_cn-beijing_q3""], [""Video Caption"", ""video_caption_aws_ap-southeast-1_q3""], [""Video Split & Sample"", ""video_split_and_sample_aliyun_cn-shanghai_q3""]]",,0,1.1
workflow2,Q3,200,50,50,10000,10000,decomposition,OPTIMAL,False,9.179677622599685,9.158296131303386,239.52977900870852,622.1404016688552,1037.9711702891168,0.0055,273.94396050006617,524.0358152999543,3877.66796875,3,2069,0.2069,"[[""Database"", ""database_aliyun_cn-beijing_q3""], [""Label Detection"", ""label_detection_aliyun_cn-shanghai_q3""], [""OCR"", ""ocr_aws_ap-southeast-1_q3""], [""Q/A"", ""q_a_anthropic_global_q3""], [""Shot Detection"", ""shot_detection_aliyun_cn-shanghai_q3""], [""Speech Transcription"", ""speech_transcription_aliyun_cn-beijing_q3""], [""Video Caption"", ""video_caption_aws_ap-southeast-1_q3""], [""Video Split & Sample"", ""video_split_and_sample_aliyun_cn-shanghai_q3""]]",,0,1.1
workflow2,Q3,300,50,50,15000,15000,decomposition,OPTIMAL,False,8.914763035053843,8.892851391408449,227.84832545511802,595.0973486323347,1001.5981600618957,0.0048,248.1078587998636,497.7002041999949,5568.65625,2,3095,0.20633333333333334,"[[""Database"", ""database_aliyun_cn-shanghai_q3""], [""Label Detection"", ""label_detection_aliyun_cn-shanghai_q3""], [""OCR"", ""ocr_azure_eastus_q3""], [""Q/A"", ""q_a_aws_ap-southeast-1_q3""], [""Shot Detection"", ""shot_detection_aliyun_cn-shanghai_q3""], [""Speech Transcription"", ""speech_transcription_aliyun_cn-shanghai_q3""], [""Video Caption"", ""video_caption_aws_eu-central-1_q3""], [""Video Split & Sample"", ""video_split_and_sample_aliyun_cn-shanghai_q3""]]",,0,1.1
workflow2,Q3,400,50,50,20000,20000,decomposition,OPTIMAL,False,8.904179625926917,8.882281128203758,240.22252154578283,629.6796855009306,1056.9960109512122,0.00595,561.5262865000404,1030.540545099997,7258.93359375,3,4125,0.20625,"[[""Database"", ""database_aliyun_cn-shanghai_q3""], [""Label Detection"", ""label_detection_aliyun_cn-shanghai_q3""], [""OCR"", ""ocr_aws_eu-central-1_q3""], [""Q/A"", ""q_a_anthropic_global_q3""], [""Shot Detection"", ""shot_detection_aliyun_cn-shanghai_q3""], [""Speech Transcription"", ""speech_transcription_aliyun_cn-shanghai_q3""], [""Video Caption"", ""video_caption_azure_eastus_q3""], [""Video Split & Sample"", ""video_split_and_sample_aliyun_cn-shanghai_q3""]]",,0,1.1
workflow2,Q3,500,50,50,25000,25000,decomposition,OPTIMAL,False,8.630849813821792,8.614458114363712,223.45837196674572,587.4767134460153,990.2205708633128,0.00492,679.7630778000457,1271.630848800065,8935.21875,3,5140,0.2056,"[[""Database"", ""database_aliyun_cn-beijing_q3""], [""Label Detection"", ""label_detection_aliyun_cn-shanghai_q3""], [""OCR"", ""ocr_aws_ap-southeast-1_q3""], [""Q/A"", ""q_a_anthropic_global_q3""], [""Shot Detection"", ""shot_detection_aliyun_cn-shanghai_q3""], [""Speech Transcription"", ""speech_transcription_aliyun_cn-beijing_q3""], [""Video Caption"", ""video_caption_aws_ap-southeast-1_q3""], [""Video Split & Sample"", ""video_split_and_sample_aliyun_cn-shanghai_q3""]]",,0,1.1
workflow2,Q3,600,50,50,30000,30000,decomposition,OPTIMAL,False,8.586246559718674,8.568897369725606,222.86369204730386,582.6203932312544,990.2205708633128,0.0051,551.6819346999982,1033.6908248000545,10588.18359375,2,6155,0.20516666666666666,"[[""Database"", ""database_aliyun_cn-beijing_q3""], [""Label Detection"", ""label_detection_aliyun_cn-shanghai_q3""], [""OCR"", ""ocr_aws_ap-southeast-1_q3""], [""Q/A"", ""q_a_anthropic_global_q3""], [""Shot Detection"", ""shot_detection_aliyun_cn-shanghai_q3""], [""Speech Transcription"", ""speech_transcription_aliyun_cn-beijing_q3""], [""Video Caption"", ""video_caption_aws_ap-southeast-1_q3""], [""Video Split & Sample"", ""video_split_and_sample_aliyun_cn-shanghai_q3""]]",,0,1.1
workflow2,Q3,700,50,50,35000,35000,decomposition,OPTIMAL,False,8.664621240097118,8.651079403299544,224.8351204521822,587.1121648190363,992.3827606397646,0.0051142857142857144,957.5040873000398,1762.4450758000603,12291.99609375,3,7144,0.20411428571428572,"[[""Database"", ""database_aliyun_cn-beijing_q3""], [""Label Detection"", ""label_detection_aliyun_cn-shanghai_q3""], [""OCR"", ""ocr_aws_ap-southeast-1_q3""], [""Q/A"", ""q_a_anthropic_global_q3""], [""Shot Detection"", ""shot_detection_aliyun_cn-shanghai_q3""], [""Speech Transcription"", ""speech_transcription_aliyun_cn-beijing_q3""], [""Video Caption"", ""video_caption_aws_ap-southeast-1_q3""], [""Video Split & Sample"", ""video_split_and_sample_aliyun_cn-shanghai_q3""]]",,0,1.1
workflow2,Q3,800,50,50,40000,40000,decomposition,OPTIMAL,False,8.680050327327175,8.667411047879503,225.9747054241986,591.796012674216,1000.8621449611019,0.0052,1109.6342272999464,2027.7444939999841,13943.5234375,3,8213,0.205325,"[[""Database"", ""database_aliyun_cn-beijing_q3""], [""Label Detection"", ""label_detection_aliyun_cn-shanghai_q3""], [""OCR"", ""ocr_azure_eastus_q3""], [""Q/A"", ""q_a_anthropic_global_q3""], [""Shot Detection"", ""shot_detection_aliyun_cn-shanghai_q3""], [""Speech Transcription"", ""speech_transcription_aliyun_cn-beijing_q3""], [""Video Caption"", ""video_caption_aws_eu-central-1_q3""], [""Video Split & Sample"", ""video_split_and_sample_aliyun_cn-shanghai_q3""]]",,0,1.1
workflow2,Q3,900,50,50,45000,45000,decomposition,OPTIMAL,False,8.72159645613535,8.711796246875124,236.0220016087019,619.2324262462698,1046.8613584929296,0.006044444444444444,1247.0463118999032,2270.3241698000347,15619.57421875,3,9242,0.20537777777777777,"[[""Database"", ""database_aliyun_cn-shanghai_q3""], [""Label Detection"", ""label_detection_aliyun_cn-shanghai_q3""], [""OCR"", ""ocr_aws_eu-central-1_q3""], [""Q/A"", ""q_a_anthropic_global_q3""], [""Shot Detection"", ""shot_detection_aliyun_cn-shanghai_q3""], [""Speech Transcription"", ""speech_transcription_aliyun_cn-shanghai_q3""], [""Video Caption"", ""video_caption_azure_eastus_q3""], [""Video Split & Sample"", ""video_split_and_sample_aliyun_cn-shanghai_q3""]]",,0,1.1
workflow2,Q3,1000,50,50,50000,50000,decomposition,OPTIMAL,False,8.689426073691196,8.683501404879797,235.0575662265715,618.2839506449073,1044.7147202629967,0.006,1809.7461652000202,3306.550002700067,17304.65625,4,10266,0.20532,"[[""Database"", ""database_aliyun_cn-shanghai_q3""], [""Label Detection"", ""label_detection_aliyun_cn-shanghai_q3""], [""OCR"", ""ocr_aws_eu-central-1_q3""], [""Q/A"", ""q_a_anthropic_global_q3""], [""Shot Detection"", ""shot_detection_aliyun_cn-shanghai_q3""], [""Speech Transcription"", ""speech_transcription_aliyun_cn-shanghai_q3""], [""Video Caption"", ""video_caption_azure_eastus_q3""], [""Video Split & Sample"", ""video_split_and_sample_aliyun_cn-shanghai_q3""]]",,0,1.1
